,學校,地區,等級,間/進,總計,,,因傷病,,因經濟困難,,因學業成績不佳,,因志趣不合,,因工作需求,,因懷孕,因育嬰,,因兵役,,因出國,,因論文撰寫,,因適應不良,,因家人傷病,,因考試訓練,,因逾期未註冊、繳費、選課,,其他,,
1,國立政治大學,臺北市,博士,,306,180,126,8,5, -,1, -, -, -, -,22,15,4,26,21,6, -,1,1,26,13, -, -, -, -, -, -,39,28,52,38,一般
,,,碩士,,839,396,443,10,15,2,7, -, -, -, -,51,65,6,16,26,11, -,3,14,54,52, -, -, -, -, -, -,100,115,149,143,一般
,,,碩士,職,660,339,321,6,15, -,1, -, -, -, -,163,132,8,46,49, -, -,3, -,13,22, -, -, -, -, -, -,77,65,31,29,一般
,,,學士,,393,209,184,11,22, -,3,1,2,8,16,4,1, -, -, -,8, -,14,28, -, -, -, -, -, -, -, -,90,41,73,71,一般
2,國立清華大學,新竹市,博士,,291,191,100,5,11,3, -,13,8,3, -,54,17,3,18,11,6, -,3,6,68,34,2,1,9,3, -, -, -, -,7,6,一般
,,,碩士,,528,246,282,27,24,8,4,17,28,20,9,60,84,5,5,26,17, -,12,10,61,74,8,2,3,7,3,8, -, -,5,1,一般
,,,碩士,職,222,54,168,2,16, -, -,3,12, -, -,27,43,11,4,42, -, -,1,1,10,30,1,1,4,7, -,1, -, -,2,4,一般
,,,學士,,331,211,120,14,26,2,3,27,9,96,39,15,2, -, -, -,10, -,19,25,2,2,14,8,5,2,2,1, -, -,5,3,一般
,,,4+X,,1,1, -, -, -, -, -, -, -, -, -, -, -, -,1, -, -, -, -, -, -, -, -, -, -, -, -, -, -, -, -, -,一般
3,國立臺灣大學,臺北市,博士,,898,590,308,44,27,14,3, -, -,1,1,107,47,3,50,37,4, -,20,9,179,102, -,1, -, -,1, -,2, -,168,78,一般
,,,碩士,,1325,711,614,47,53,19,9,3,2,25,14,113,116,4,19,24,18, -,54,33,115,130,7,5, -, -,7,4,2,1,282,219,一般
,,,碩士,職,311,189,122,4,5,2,1, -, -, -,1,100,57,3,8,8, -, -,4, -,31,26, -, -, -, -,1, -,1, -,38,21,一般
,,,學士,,743,442,301,35,32,5, -,20,9,122,91,6,1,3,1, -,5, -,79,85, -, -,18,4,4,3, -, -,5,5,142,68,一般
4,國立臺灣師範大學,臺北市,博士,,411,173,238,6,5,8,5, -, -,1,5,64,73,12,29,48,2, -,6,6,43,57,1,1, -, -, -,3,1,2,12,21,師範
,,,碩士,,862,314,548,3,7,17,17, -, -,26,16,109,210,8,10,45,9, -,7,18,79,144,9,11, -, -,11,23,1,1,33,48,師範
,,,碩士,職,470,126,344, -,7,3,8, -, -, -,2,39,99,13,19,65, -, -, -,1,55,104, -, -, -, -, -, -, -, -,10,45,師範
,,,學士,,292,159,133,4,7,6,6,4,2,75,64,19,7,2,1,2,1, -,24,23, -, -,21,18, -, -, -, -,4,2, -, -,師範
5,國立成功大學,臺南市,博士,,429,281,148,13,7,7,4,10,2,2, -,66,23,8,36,23,11, -, -, -,39,23, -,1,26,4,1,2,4,2,66,49,一般
,,,碩士,,555,309,246,23,16,6,4,10,7,21,8,36,46,4,3,17,2, -, -, -,30,28,6,7,32,11,5,10,6,1,129,87,一般
,,,碩士,職,295,186,109,6,7,2, -,3,2, -, -,84,44,1,27,15, -, -, -, -,18,11, -, -,22,14, -,1,6, -,18,14,一般
,,,學士,,429,291,138,13,11,5,1,26,1,114,69,5, -, -, -,2,4, -, -, -, -, -,12,3,11,7,10,5,4, -,87,39,一般
6,國立中興大學,臺中市,博士,,192,123,69,7,2,3, -, -, -,1, -,20,12,2,21,15,2, -,7,1,41,20,1,1,8,2,1, -, -, -,11,14,一般
,,,碩士,,387,207,180,14,19,7,10, -,2,6,5,33,29,1,6,5,1, -,2,1,26,30,7,7,14,12,18,10, -, -,73,49,一般
,,,碩士,職,360,241,119,7,9,1,2, -, -,1, -,100,39,2,42,23, -, -,5, -,46,26, -, -,24,7,1,3, -, -,14,8,一般
,,,學士,,241,151,90,9,8,5,4,13,2,64,32,5,2, -, -, -, -, -,9,13, -, -,2,2,4,4,5, -, -, -,35,23,一般
,,,學士,進,71,23,48,3,10, -,2, -,1,3,4,6,16, -,1, -, -, -,1,3, -, -, -, -,3,6,1, -, -, -,5,6,一般
7,國立陽明交通大學,新竹市,博士,,547,361,186,16,17,13,6,5,2,10,4,101,59,6,46,27,12, -,12,7,113,42,2,2,12,7,4,2,1, -,14,5,一般
,,,碩士,,542,295,247,17,23,12,7,4,4,56,29,57,47,5,4,20,15, -,19,16,75,52,9,18,11,13,12,8, -, -,4,5,一般
,,,碩士,職,315,213,102,3,6,1,1,1, -, -, -,86,33,3,49,23,2, -,5,2,56,28, -,1,8,4,1, -, -, -,1,1,一般
,,,學士,,266,171,95,7,13,1,2,12,4,64,32,4,1,1, -,1,6, -,34,30, -, -,8,2,3,1,25,7,2, -,5,1,一般
8,國立中央大學,桃園市,博士,,213,141,72,5,6,4,1,1, -,1, -,31,14,1,20,15,3, -,3,1,49,21, -, -,9,1, -,1, -, -,15,11,一般
,,,碩士,,295,182,113,9,10,5,6, -, -,18,5,32,27, -,3,2,2, -,4,1,31,23,5,3,4,3,9,9, -, -,60,24,一般
,,,碩士,職,270,174,96,3,4,5,2, -, -, -, -,87,35,4,22,20, -, -,2, -,41,16,1, -,5,7, -, -, -, -,8,8,一般
,,,學士,,144,98,46,7,7,6, -,14,5,41,16,2,1, -, -, -, -, -,7,5, -, -,2,2, -,2,2,1, -, -,17,7,一般
9,國立中山大學,高雄市,博士,,177,117,60,3,4,2, -, -, -, -, -,46,16,1,8,10,2, -, -,2,31,22, -, -,1,1,1, -, -, -,23,4,一般
,,,碩士,,352,212,140,11,12,6,4,3, -,13,7,42,38,5,3,10,6, -,3,2,43,22,6,2,1, -,9,4,3, -,63,34,一般
,,,碩士,職,199,102,97, -,3,1, -, -, -,1, -,66,32,5,8,16, -, -,3,1,8,12, -, -, -, -, -,1, -, -,15,27,一般
,,,學士,,131,73,58,7,4, -, -,5,1,13,13,7,4, -, -, -,1, -,7,7, -, -,1,2,1, -, -,1, -,1,31,25,一般
12,國立臺灣海洋大學,基隆市,博士,,65,42,23,5,3, -,1, -, -, -,1,23,8,1, -, -, -, -, -, -,10,5, -, -,2,3,1, -, -, -,1,1,一般
,,,碩士,,155,106,49,7,4,5,2,1, -,20,6,32,24,1,1,1,8, -,3,2,9,4,8,1,4,3,5,1, -, -,3, -,一般
,,,碩士,職,122,83,39,1,4, -, -, -, -, -, -,48,13,1,7,3, -, -,2,1,12,7,1, -,10,9,1,1, -, -,1, -,一般
,,,學士,,189,138,51,9,7,3,4,22,2,34,14,24,3, -, -, -,4, -,8,7, -, -,7,2,10,2,8,3, -, -,9,7,一般
,,,學士,進,66,42,24,4,2, -,1,2, -,1,2,19,9,2, -,1,5, -,3, -, -, -,1, -,5,6, -, -, -, -,2,1,一般
13,國立中正大學,嘉義縣,博士,,131,76,55,1,1,2,2, -, -,1, -,21,15,1,8,10, -, -,1, -,22,14, -, -,7,4,3, -,1,1,9,7,一般
,,,碩士,,377,180,197,7,8,9,8,8,6,21,10,36,43,3,4,11, -, -,2,2,49,58,2,3,15,15,10,13,1, -,16,17,一般
,,,碩士,職,305,129,176,3,8,2,2,2, -,2,1,59,59,6,10,19, -, -,1, -,35,57, -,1,7,16,3,5, -, -,5,2,一般
,,,學士,,172,113,59,8,12,4,1,18,1,51,33,6,1, -,1, -, -, -,11,7, -, -,3, -,4,2,5,1, -, -,2,1,一般
14,國立高雄師範大學,高雄市,博士,,108,48,60, -,1,2, -, -, -, -, -,19,17,2,3,8,1, -, -, -,18,25, -, -,3,6, -, -, -, -,2,1,師範
,,,碩士,,381,121,260, -,6,10,7, -, -,4,2,41,87,10,5,20,5, -,3,6,39,102,3,1,6,11,4,6, -,2,1, -,師範
,,,碩士,職,384,152,232,7,16,1,5, -, -, -,10,88,84,14,12,42,1,1,1,1,20,25,11,17,9,16,2,1, -, -, -, -,師範
,,,學士,,125,71,54,7,3,1,5,2, -,41,27,8,3, -, -, -,1, -,2,6, -, -,6,6,1,1, -, -,2,2, -,1,師範
15,國立彰化師範大學,彰化縣,博士,,105,58,47,1,1, -, -, -, -,1, -,24,19, -,4,8, -, -, -,1,18,9, -, -,4,2, -, -,1, -,5,7,師範
,,,碩士,,334,139,195,3,10,6,7, -, -,7,3,38,48,3,4,16,6, -,1,2,36,46,2,2,5,12,14,21, -, -,17,25,師範
,,,碩士,職,306,114,192,4,7,3,1,1, -, -,2,42,71,15,8,36, -, -, -, -,23,39, -, -,5,5,1,3,25,12,2,1,師範
,,,學士,,160,104,56,8,4,4,2,7,1,26,24,11,1, -, -, -,4, -,4,5, -, -,5,1,1,3,5,2,1,1,28,12,師範
17,國立臺北大學,新北市,博士,,48,30,18,3,2,4, -, -, -,1, -,9,4,1,1,3, -, -,4,1,6,6, -, -,1,1, -, -, -, -,1, -,一般
,,,碩士,,229,108,121,2, -,2,7,1, -,7,9,32,35, -,4,9,3, -, -,1,36,44,1,1,4,5,6,8, -, -,10,2,一般
,,,碩士,職,108,50,58,2,2, -, -, -, -, -, -,33,30,4,3,7, -, -, -,1,6,8, -, -, -, -, -, -, -, -,6,6,一般
,,,學士,,117,61,56, -, -,3,2,14,6,11,17,5, -, -, -,1,1, -,12,14, -, -,7,9,2, -,3,1, -, -,3,6,一般
,,,學士,進,228,110,118,8,13,2,5,9,5,12,9,50,52,1,2,5,5, -,2,4, -, -,1,1,2,2,2, -, -,3,15,18,一般
18,國立嘉義大學,嘉義市,博士,,37,27,10,2, -,2, -, -, -,3,1,12,2, -,1, -, -, -, -, -,5,7, -, -,2, -, -, -, -, -, -, -,一般
,,,碩士,,266,130,136,8,10,6,3,1,2,8,4,65,75,5,2,13,10, -,1,1,18,16,3,1,8,6, -, -, -, -, -, -,一般
,,,碩士,職,217,83,134,2,5,1,1, -, -,1,2,48,73,9,12,13, -, -, -,1,16,15, -, -,3,15, -, -, -, -, -, -,一般
,,,學士,,318,191,127,10,19,7,3,27,5,97,69,21,13,1, -, -,4, -,7,8, -, -,6,4,11,5, -, -, -, -,1, -,一般
,,,學士,進,201,136,65,8,6,10,7,14,2,16,11,71,31, -, -,2,7,1,1,3, -, -,3, -,5,2, -, -,1, -, -, -,一般
19,國立高雄大學,高雄市,博士,,13,11,2,1, -, -, -,2,1, -, -,5,1, -, -, -, -, -, -, -,2, -, -, -, -, -, -, -, -, -,1, -,一般
,,,碩士,,114,53,61,6,6,7,4,5,12,6,3,24,26,1,2,3,2, -, -, -,1,1, -, -, -,3, -,2, -, -, -, -,一般
,,,碩士,職,159,96,63,3,2,4, -, -,1, -, -,81,49,2,4,2, -, -, -, -, -,2, -, -,4,4, -,1, -, -, -, -,一般
,,,學士,,155,96,59,9,12,5,3,22,23,38,10,12,6, -, -, -,5, -,1, -, -, -, -, -, -,1,2,1,2,3, -, -,一般
,,,二技,修,42,30,12,1,1, -,1, -,4, -, -,28,3, -, -,2, -, -, -, -, -, -, -, -,1,1, -, -, -, -, -, -,技職
20,國立東華大學,花蓮縣,博士,,125,67,58,7,4,2,3,1, -, -, -,24,20, -,4,6,2, -, -, -,17,10, -, -,7,9, -,1, -,1,3,4,一般
,,,碩士,,444,184,260,7,18,8,6,9,3,4,4,41,82,7,8,24,4, -,1,1,52,59,1,1,14,30,4,6,4, -,27,19,一般
,,,碩士,職,213,96,117,2,5,3,2,1, -, -, -,41,34,2,13,11, -, -, -,1,17,31,1, -,9,20,4,4,1, -,4,7,一般
,,,學士,,346,197,149,16,30,3,6,28,8,20,16,13,10,2, -,4,3, -,5,10, -, -,12,9,28,17,5,3,1,4,63,30,一般
21,國立暨南國際大學,南投縣,博士,,88,40,48,3,7, -,1, -, -, -, -,15,16, -,4,6, -, -,2,1,13,11, -, -,3,5, -,1, -, -, -, -,一般
,,,碩士,,161,55,106,3,8,1,2, -,1,1, -,29,56,3,2,11,1, -, -,2,9,11, -, -,8,11,1,1, -, -, -, -,一般
,,,碩士,職,73,25,48,2,6, -, -, -, -, -, -,22,30, -, -,1, -, -, -, -,1,4, -, -, -,7, -, -, -, -, -, -,一般
,,,學士,,122,69,53,7,3,4,3,4,6,19,10,7,5, -, -, -,1, -,4,4, -, -,19,14,2,7,2,1, -, -, -, -,一般
22,國立臺灣科技大學,臺北市,博士,,246,172,74,4,8,8,3,3,3, -, -,60,18,6,28,7,1, -,2, -,35,16, -,1,9,6,2, -, -, -,20,6,技職
,,,碩士,,235,149,86,12,10,8,5,1,4,20,5,46,27,1,2,3,4, -,5,7,15,7,11,2,7,5,1,1, -, -,17,9,技職
,,,碩士,職,134,88,46,4,1,2, -, -,1,1, -,50,15,1,7,10, -, -,2, -,14,7, -, -,3,7, -,1, -, -,5,3,技職
,,,四技,,148,101,47,11,6,1,1,20,7,32,15,8,2, -, -, -, -, -,6,7, -, -,6,3,4,3,1, -, -, -,12,3,技職
,,,二技,,4,2,2, -, -, -,1,1, -, -,1, -, -, -, -, -, -, -, -, -, -, -, -, -, -, -, -, -, -, -,1, -,技職
23,國立雲林科技大學,雲林縣,博士,,94,60,34,1,3,4,1,1,2, -,1,29,16, -,5,7,1, -,1,1,14,2, -, -,2,1,1, -, -, -,1, -,技職
,,,碩士,,234,144,90,3,2,31,12,8,2,12,15,50,40,1,1,4,8, -,2,1,10,6,13,2,3,1,3,2, -, -, -,2,技職
,,,碩士,職,165,95,70,5,4,3,11, -,1,2, -,63,33,3,5,9, -, -,2, -,11,7,1, -,1,1,1, -, -, -,1,1,技職
,,,四技,,155,108,47,5,4,12,5,20,7,23,14,15,7, -,1, -,10, -,3,1, -, -,13,7,3, -, -,1,3,1, -, -,技職
,,,四技,修,13,9,4, -, -,1,1, -, -,3, -,4,2, -, -, -, -, -, -, -, -, -,1,1, -, -, -, -, -, -, -, -,技職
,,,二技,,10,3,7, -, -, -,1,1,3, -,1, -,2, -, -, -,1, -, -, -, -, -, -, -, -, -, -, -,1, -, -, -,技職
24,國立屏東科技大學,屏東縣,博士,,53,33,20,3,1, -, -,4,4, -, -,9,5, -,3,2,1, -, -, -,8,3,2,4,3, -, -, -, -, -, -,1,技職
,,,碩士,,200,109,91,4,6,6, -,3,4,2,1,37,35, -, -,1,1, -, -, -,6,9,27,19,12,11,8,4,1, -,2,1,技職
,,,碩士,職,52,31,21,1, -, -, -, -, -, -, -,21,11,1,1,3, -, -, -, -,2, -,5,3,1,3, -, -, -, -, -, -,技職
,,,四技,,220,133,87,10,15,4,5,12,9,27,25,13,2,1,1,5, -, -, -,2, -, -,35,12,21,8,7,2,2,1,1, -,技職
,,,四技,修,82,50,32,4,4,1,2,1,1, -,1,21,7, -, -, -,5, -, -, -, -, -,10,10,5,3,2,1,1,3, -, -,技職
25,國立臺北科技大學,臺北市,博士,,166,123,43,7,3,3,1,1, -,2, -,63,17,1,5,5,1, -,13,4,23,10, -, -,5,1, -, -, -,1, -, -,技職
,,,碩士,,232,153,79,15,11,14,6,3, -,19,5,42,27,1, -,5,15, -,18,12,13,6,5,1,6,2,3,3, -, -, -, -,技職
,,,碩士,職,196,139,57,2,3, -, -, -, -, -, -,118,39,3,10,6, -, -, -, -,4,1, -, -,4,4, -, -, -, -,1,1,技職
,,,四技,,143,90,53,10,4, -,5,13,2,27,16,8,13, -, -, -,6, -,9,9, -, -,5,1,2, -,7,1,3,2, -, -,技職
,,,四技,修,27,22,5,2,1,2,1,4, -,3,2,6, -, -, -, -,2, -,1, -, -, -,1, -, -,1,1, -, -, -, -, -,技職
,,,二技,,4,2,2, -, -, -, -, -, -, -, -, -, -, -, -, -, -, -,2,2, -, -, -, -, -, -, -, -, -, -, -, -,技職
,,,二技,修, -, -, -, -, -, -, -, -, -, -, -, -, -, -, -, -, -, -, -, -, -, -, -, -, -, -, -, -, -, -, -, -,技職
,,,五專,,1,1, -, -, -, -, -, -, -, -, -, -, -, -, -, -, -, -, -, -, -, -, -, -, -, -,1, -, -, -, -, -,技職
28,國立臺北藝術大學,臺北市,博士,,52,18,34, -,2,1,4, -, -, -, -,4,4,3,2,2,1, -, -,3,5,8, -, -,1,1, -, -, -, -,4,7,一般
,,,碩士,,339,133,206,4,7,17,14,1,2,3,3,23,38,4,3,10,5, -,10,10,51,91, -,1,3,9,2,2, -,1,11,14,一般
,,,碩士,職,40,7,33,2,1, -,1, -,1, -,1,2,8,2,1,6, -, -, -,1,2,9, -, -, -,3, -, -, -, -, -, -,一般
,,,學士,,92,34,58,4,9,3,6,1,3,5,2,5,2, -,1, -,2, -,8,14,2,4,1,2, -,3,1,6, -, -,1,7,一般
,,,七年,,2, -,2, -, -, -, -, -, -, -, -, -, -, -, -, -, -, -, -,2, -, -, -, -, -, -, -, -, -, -, -, -,一般
29,國立臺灣藝術大學,新北市,博士,,28,15,13,1, -, -, -, -,2, -, -,6,3, -,1,3, -, -, -, -,4,4, -, -, -, -, -, -, -, -,3,1,一般
,,,碩士,,174,66,108,1,4,5,1,7,11, -,1,12,24,1,5,3,3, -,5,7,18,33,1,1, -,1, -,2,1,1,8,18,一般
,,,碩士,職,84,30,54,1,1,1,2,2,5, -, -,8,22,2,1,5,2, -,1, -,9,8, -, -,1,2, -, -, -,1,4,6,一般
,,,學士,,89,25,64,2,5,2,1,1,4,3,5,3,6, -, -, -, -, -,1,15, -, -,2,7, -, -,4,5,1,3,6,13,一般
,,,學士,進,84,28,56,2,8, -,5, -, -,4,7,6,15, -,1,1,1, -,2,5, -,1,5,3, -, -,1,1, -,5,6,5,一般
,,,二技,修,25,7,18,1,1, -, -, -, -, -, -,6,8, -, -,4, -, -, -,1, -, -, -,1, -,1, -, -, -,1, -,1,技職
30,國立臺東大學,臺東縣,博士,,13,4,9, -,1, -, -, -, -, -, -,2,4, -, -, -, -, -, -,1, -,2, -, -, -, -, -, -,1,1,1, -,一般
,,,碩士,,89,38,51, -,4,2,5,1, -,1, -,15,14,2,1,2,3, -, -,1,3,8, -, -,2,3,1, -,1,1,8,11,一般
,,,碩士,職,103,34,69,1,10,1,1, -, -, -, -,14,26,2, -,5, -, -, -, -,4,5, -, -,3,5, -,2,2,2,9,11,一般
,,,學士,,203,115,88,14,11,4,3,5,2,16,19,10,7,1, -,3,2, -,1,2, -, -,3,3,6,4,4,3,17,9,33,21,一般
,,,學士,進,46,16,30,1,2, -,3, -, -, -,2,5,6,1, -, -,1, -, -, -, -, -, -, -, -,2, -,1,4,2,5,11,一般
,,,二技,修,13,10,3, -, -, -, -, -, -, -, -,4,1, -, -, -, -, -, -, -, -, -, -, -, -,1,1, -,1, -,4,1,技職
31,國立宜蘭大學,宜蘭縣,博士,,3,2,1, -, -, -, -, -, -, -, -,1, -, -,1,1, -, -, -, -, -, -, -, -, -, -, -, -, -, -, -, -,一般
,,,碩士,,74,53,21,1,2,5, -, -, -,1,2,26,8, -, -, -,1, -,2, -,9,5,3, -,2,2,2,2, -, -,1, -,一般
,,,碩士,職,37,24,13, -, -, -, -, -, -, -, -,17,6, -, -,1, -, -,1, -,4,4, -, -, -,1, -, -, -, -,2,1,一般
,,,學士,,147,109,38,9,10,2,2,18,4,18,11,20,5, -, -, -,11, -,6,4, -, -,15, -,2,1,6,1, -, -,2, -,一般
,,,學士,進,48,37,11, -,2, -, -,1, -, -,1,19,4,1,1,2,9, -, -, -, -, -,1,1,3, -, -, -, -, -,3, -,一般
32,國立聯合大學,苗栗縣,博士,,1,1, -, -, -, -, -, -, -, -, -,1, -, -, -, -, -, -, -, -, -, -, -, -, -, -, -, -, -, -, -, -,一般
,,,碩士,,57,36,21,5, -,2, -, -, -,1,2,12,5, -, -,2,1, -, -, -,10,12,2, -,2, -, -, -, -, -,1, -,一般
,,,碩士,職,2,2, -, -, -, -, -, -, -, -, -, -, -, -, -, -, -, -, -, -, -, -, -, -, -, -,1, -, -, -,1, -,一般
,,,學士,,185,134,51,12,9,5,6,21,2,48,13,23,6,2, -, -,10, -,3,4, -, -,3,6, -, -,4,3,2, -,3, -,一般
,,,學士,進,57,38,19,1,1, -,1,4,1,6,4,17,7,2,1, -,4, -, -, -, -, -, -,1, -,1,3, -,2,1, -, -,一般
33,國立虎尾科技大學,雲林縣,博士,,10,8,2, -, -, -, -, -, -, -, -,7,1,1, -, -, -, -, -, -,1, -, -, -, -, -, -, -, -, -, -, -,技職
,,,碩士,,66,54,12, -,1,2,2, -, -,12,2,12,3, -, -, -,4, -,1, -,8,2,8,1,4, -,1, -, -, -,2,1,技職
,,,碩士,職,34,25,9,1, -,2, -, -, -, -, -,16,4, -,2,1, -, -, -, -,3, -,1,1, -,2, -, -, -, -, -,1,技職
,,,四技,,203,171,32,10,3,3,2,37,2,53,13,27,5,1, -,1,12, -,1,2, -, -,14,3,5, -,5, -, -, -,4, -,技職
,,,四技,修,99,73,26,2,2,7,1,10,5,15,3,27,12, -, -,2,8, -, -, -, -, -,2,1,2, -, -, -, -, -, -, -,技職
,,,二技,,5,2,3, -,1, -,1, -, -,2, -, -,1, -, -, -, -, -, -, -, -, -, -, -, -, -, -, -, -, -, -, -,技職
,,,二技,修,17,7,10,1, -, -, -, -, -, -,3,5,5, -, -, -,1, -, -, -, -, -, -,2, -, -, -, -, -, -, -, -,技職
,,,二專,,2,2, -, -, -, -, -, -, -, -, -, -, -, -, -, -, -, -, -, -, -, -,1, -, -, -,1, -, -, -, -, -,技職
,,,五專,,5,2,3, -, -, -, -, -, -,2,2, -, -, -, -, -, -, -, -,1, -, -, -, -, -, -, -, -, -, -, -, -,技職
35,國立臺南藝術大學,臺南市,博士,,12,7,5, -,1, -, -, -, -, -, -,2,1, -,2, -, -, -, -, -,2,2,1, -, -, -, -, -, -, -, -,1,一般
,,,碩士,,161,63,98,5,2, -,4, -, -, -,1,14,24,1,1,8, -, -,2, -,16,20,9,13,5,9, -, -, -, -,11,16,一般
,,,碩士,職,14,4,10, -, -, -, -, -, -, -, -,3,4,1, -,2, -, -, -, -, -,3, -, -, -, -, -, -, -, -,1, -,一般
,,,學士,,60,19,41,3,4,1, -, -, -,3,3,2,4, -, -, -,1, -,4,9, -, -, -,9,1,2, -,1, -, -,4,9,一般
,,,七年,,4,1,3, -,1, -, -, -, -, -, -, -, -, -, -, -, -, -,1,1, -, -, -,1, -, -, -, -, -, -, -, -,一般
36,國立臺南大學,臺南市,博士,,39,21,18,3,2, -, -, -, -, -,1,8,6, -, -,3, -, -, -, -,4,4, -, -,1,1, -, -, -, -,5,1,一般
,,,碩士,,245,84,161, -,7,5,5,1, -,2,4,20,40,1, -,8,1, -, -,1,21,53, -, -,3,4,2,7, -, -,29,31,一般
,,,碩士,職,155,46,109, -, -, -,1, -, -, -, -,29,50,5,1,16, -, -, -, -,16,35, -, -, -,2, -, -, -, -, -, -,一般
,,,學士,,124,66,58,6,6,1,2,9,4,19,21,4,1,1, -, -,3, -,1,3, -, -,1,9, -,1,2, -, -, -,20,10,一般
,,,學士,進,21,11,10, -, -, -,1, -,1,4, -,1,3,1, -, -, -, -, -, -, -, -,1, -, -, -,1, -, -, -,4,4,一般
37,國立臺北教育大學,臺北市,博士,,28,10,18,1, -, -, -, -, -, -, -,3,8,1, -,3, -, -, -, -,3,4, -, -,1,2, -, -, -, -,2, -,師範
,,,碩士,,305,80,225,2,3,2,6,1, -,2,5,21,59,6,6,24,3, -,4,5,25,73, -,1,3,8,4,15,3,5,4,15,師範
,,,碩士,職,228,51,177,4,8,1,4, -, -, -,2,21,53,8,11,24, -, -,1, -,10,62, -,1,2,12,1,2, -, -, -,1,師範
,,,學士,,91,41,50,4,5,1, -, -, -,17,21,3,6, -, -, -,1, -,5,7, -, -,4,5,1,2,2, -,1,2,2,2,師範
39,國立臺中教育大學,臺中市,博士,,31,15,16,1,1, -,1, -, -, -, -,7,6,1, -, -,1, -, -,1,5,4,1, -, -,2, -, -, -, -, -, -,師範
,,,碩士,,191,55,136,2,10,1,2,2, -,1,2,26,56,10,2,6, -, -, -,1,10,15,5,9, -,7,1,1, -, -,5,17,師範
,,,碩士,職,166,34,132,2,9,1,2, -,1,1,1,16,53,7,2,13, -, -, -, -,4,23,2,8,5,9, -,1, -, -,1,5,師範
,,,學士,,106,56,50,7,7,3,4,3,1,16,18,8,4, -, -, -,1, -,6,6, -, -,9,8,1, -,1,2, -, -,1, -,師範
42,國立澎湖科技大學,澎湖縣,碩士,,21,10,11, -, -, -, -, -, -, -, -,1, -, -, -, -, -, -, -, -, -, -, -, -, -, -, -, -, -, -,9,11,技職
,,,碩士,職, -, -, -, -, -, -, -, -, -, -, -, -, -, -, -, -, -, -, -, -, -, -, -, -, -, -, -, -, -, -, -, -,技職
,,,四技,,125,89,36,2,2,2,1, -, -,4,1,4,2, -, -, -, -, -, -, -, -, -, -, -, -, -, -, -, -, -,77,30,技職
,,,四技,修,37,25,12, -, -, -, -, -, -,1, -,10,6, -, -, -, -, -, -, -, -, -, -, -, -, -, -, -, -, -,14,6,技職
,,,五專,,2,2, -, -, -, -, -, -, -, -, -, -, -, -, -, -, -, -, -, -, -, -, -, -, -, -, -, -, -, -,2, -,技職
43,國立勤益科技大學,臺中市,博士,,6,6, -, -, -,1, -, -, -, -, -,3, -, -,1, -, -, -, -, -, -, -, -, -, -, -, -, -,1, -, -, -,技職
,,,碩士,,74,55,19,1, -,2,2,6,1,3,4,31,11, -, -, -,8, -, -, -, -, -, -, -, -, -, -, -,3, -,1,1,技職
,,,碩士,職,28,24,4, -,1, -, -, -, -, -, -,5,1, -, -,1,1,1,1, -,4, -, -, -,1, -, -, -,12, -, -, -,技職
,,,四技,,341,272,69,6,2,10, -,40,8,121,34,40,3,2, -,2,12, -,3, -, -, -, -, -, -,2,4,2,36,14, -, -,技職
,,,四技,修,176,150,26,8, -,3, -,5, -,19,9,42,6,1, -,4,14, -, -, -, -, -,8, -,3,1,4, -,44,5, -, -,技職
,,,二技,,7,5,2, -,1, -, -, -, -,2,1, -, -, -, -, -, -, -, -, -, -, -, -, -, -, -, -, -,3, -, -, -,技職
,,,二技,修,26,24,2,3, -,2, -, -, -,2,1,10, -, -, -,1, -, -, -, -, -, -,2, -,1, -, -, -,4, -, -, -,技職
,,,二專,修,73,60,13,1, -,1, -, -,1,2,2,17,4, -, -, -,9, -, -, -, -, -,3, -,4, -,1, -,22,6, -, -,技職
44,國立體育大學,桃園市,博士,,36,23,13, -, -, -, -, -, -, -, -,19,11, -,3,1, -, -, -, -, -, -, -, -, -, -,1,1, -, -, -, -,一般
,,,碩士,,80,44,36,1,1, -, -, -, -, -, -,40,29,2,1,4, -, -, -, -, -, -, -, -, -, -,2, -, -, -, -, -,一般
,,,碩士,職,54,38,16,2, -, -, -, -, -, -, -,33,14,1,3,1, -, -, -, -, -, -, -, -, -, -, -, -, -, -, -, -,一般
,,,學士,,109,76,33,3,1, -, -, -, -, -, -,72,30,1, -,1,1, -, -, -, -, -, -, -, -, -, -, -, -, -, -, -,一般
,,,二年制,修,15,13,2, -, -, -, -, -, -, -, -,13,2, -, -, -, -, -, -, -, -, -, -, -, -, -, -, -, -, -, -, -,一般
46,國立臺北護理健康大學,臺北市,博士,,18,1,17, -,2, -, -, -, -, -, -, -,5, -, -,3, -, -, -, -, -,5, -, -,1,1, -, -, -,1, -, -,技職
,,,碩士,,199,24,175,2,10, -,2, -, -, -,3,7,50,7,4,16, -, -,1,3,4,70,1,4,2,7,1,1,1,1,1,1,技職
,,,碩士,職,77,9,68, -,3, -,1, -, -, -,1,4,18,5,1,4, -, -, -,1,3,26, -, -,1,8, -, -, -,1, -, -,技職
,,,四技,,105,30,75, -,10,1,1,1,4,14,17,5,14,2, -,1, -, -, -,7, -, -,4,3,1,3,1,7,3,4, -,2,技職
,,,二技,,33,5,28,1, -, -,3, -,2,1,5,2,8,1, -,1, -, -, -,2, -, -, -, -, -, -,1,5, -,1, -, -,技職
,,,二技,修,51,1,50, -,7, -,2, -,1, -,3,1,18,5, -,4, -, -, -,1, -, -, -,2, -,1, -, -, -,1, -,5,技職
47,國立高雄餐旅大學,高雄市,博士,,8,4,4, -,1, -, -, -, -, -, -,2,2, -, -, -, -, -, -, -,2, -, -, -, -, -, -, -, -, -, -,1,技職
,,,碩士,,44,16,28,1,2,2,1, -,1,2,3,7,10,1,1,2, -, -, -,1, -,2, -,1,2,2, -,1, -, -,1,1,技職
,,,碩士,職,10,2,8, -,1, -, -, -, -, -, -,1,5, -, -,1, -, -, -, -, -, -, -, -, -, -, -, -,1,1, -, -,技職
,,,四技,,93,40,53,3,3,5,8,7,8,6,12,1, -,2, -, -,3,1, -,1, -, -,2,3,2,2, -,1,6,7,5,5,技職
,,,四技,修,24,7,17, -,1, -,2,1, -,1, -,1,3,1, -, -,1, -, -,1, -, -,1,1,1, -, -, -,1,8, -, -,技職
,,,二技,,4, -,4, -,2, -,1, -, -, -,1, -, -, -, -, -, -, -, -, -, -, -, -, -, -, -, -, -, -, -, -, -,技職
,,,二技,修,15,4,11, -, -,1,2, -, -, -, -,1,4, -, -,2, -, -, -,1, -, -, -, -, -,1, -, -,2,1, -, -,技職
,,,五專,,9,5,4, -,1, -, -,4,1,1,2, -, -, -, -, -, -, -, -, -, -, -, -, -, -, -, -, -, -, -, -, -,技職
48,國立金門大學,金門縣,碩士,,50,21,29,1,4, -,1, -, -,1, -,11,8,2,3,3,1, -,1,1,1,5, -, -, -, -, -, -,2,3, -,2,一般
,,,碩士,職,16,10,6, -, -, -, -, -, -, -, -,8,6, -,1, -, -, -, -, -,1, -, -, -, -, -, -, -, -, -, -, -,一般
,,,學士,,73,51,22,4,4,3, -,3,2,17,5,6,5, -, -, -,5, -,2,4, -, -, -, -,1,2,2, -,8, -, -, -,一般
,,,學士,進,45,27,18,3,2, -, -,1, -,4, -,12,13, -, -,3,3, -, -, -, -, -, -, -,1, -, -, -,2, -,1, -,一般
49,國立臺灣體育運動大學,臺中市,博士,,1, -,1, -, -, -, -, -, -, -, -, -,1, -, -, -, -, -, -, -, -, -, -, -, -, -, -, -, -, -, -, -,一般
,,,碩士,,76,39,37, -, -,10,5,1,2, -,3,23,26, -,4,1,1, -, -, -, -, -, -, -, -, -, -, -, -, -, -, -,一般
,,,碩士,職,19,11,8, -, -,4,1, -,1, -, -,6,4,2,1, -, -, -, -, -, -, -, -, -, -, -, -, -, -, -, -, -,一般
,,,學士,,86,66,20,4, -,27,4,6,4,12,2,15,4, -, -,1, -, -, -, -, -, -, -, -, -, -, -,2,2,3, -, -,一般
,,,學士,進,31,25,6, -,1,4, -,1, -,2,1,17,3,1, -, -, -, -, -, -, -, -, -, -, -, -, -, -,1, -, -, -,一般
50,國立臺中科技大學,臺中市,碩士,,77,30,47,1,2,2, -, -,1, -,1,22,29,1, -,2,1, -, -, -,1,4, -,2,1,5,2, -, -, -, -, -,技職
,,,碩士,職,37,21,16,2,1, -, -, -, -,1,1,15,10,1,1,2, -, -, -, -, -, -, -, -,2,1, -, -, -, -, -, -,技職
,,,四技,,152,62,90,4,11,3,11,11,3,25,23,11,20,1, -,8,4, -,1,2, -, -, -,3,1,3,1,4, -,1,1, -,技職
,,,四技,修,198,76,122,4,15,8,10,3,3,13,25,35,46,3, -,9,6, -, -, -, -, -,1,3,3,6, -,1,3,1, -, -,技職
,,,二技,,39,10,29,1,2, -,1,2,4,1,3,2,9, -, -,3,1, -, -,3, -, -, -, -,1,2, -,1,1, -,1,1,技職
,,,二技,修,247,79,168,4,16,4,8,1,4,6,12,48,103,4,1,4,1, -,3,4, -, -,5,4,3,7, -,1,3,1, -, -,技職
,,,二專,修,183,76,107,2,4,2,5,2,4,9,11,49,65,1, -,2, -, -,2,3, -, -,1,6,3,1,1, -,5,5, -, -,技職
,,,五專,,148,50,98,3,10, -,3,8,12,26,38,5,9, -, -,2, -, -, -,3, -, -, -, -,2,2,6,18, -,1, -, -,技職
51,國立臺北商業大學,臺北市,博士,,2,2, -, -, -, -, -, -, -, -, -,2, -, -, -, -, -, -, -, -, -, -, -, -, -, -, -, -, -, -, -, -,技職
,,,碩士,,32,24,8,2,2,3,1, -, -,1, -,10,3, -, -, -, -, -,2, -,4,1,1,1,1, -, -, -, -, -, -, -,技職
,,,碩士,職,21,11,10, -, -,1, -, -, -, -,1,5,4, -, -, -, -, -, -,1,4,4,1, -, -, -, -, -, -, -, -, -,技職
,,,四技,,54,18,36,4,7,1,5,2,2,2,11,2,4, -, -, -,1, -,1,3, -, -,1,1,4,3, -, -, -, -, -, -,技職
,,,四技,修,53,23,30, -,3,3,2,2,3,3,7,14,10,1, -, -, -, -, -,2, -, -, -, -,1,1, -,1, -, -, -, -,技職
,,,二技,,15,2,13, -,2, -, -, -,1,1,3,1,1, -, -,1, -, -, -,4, -, -, -,1, -, -, -, -, -, -, -, -,技職
,,,二技,修,89,30,59,2,4,1,3, -, -,1,1,20,36, -,1,7, -, -, -,1, -, -, -, -, -,7,4, -, -, -,1, -,技職
,,,二專,修,33,15,18,1,3,1, -, -,1,1,1,10,11,1, -,1, -, -,2, -, -, -, -, -, -, -, -, -, -, -, -, -,技職
,,,五專,,83,32,51,1,6,2,2,11,10,6,11,2,4,1, -, -,1, -,4,10, -, -,2,2, -, -,2,5, -, -,1, -,技職
52,國立屏東大學,屏東縣,博士,,5,5, -,1, -, -, -, -, -, -, -,2, -, -, -, -, -, -, -, -,1, -,1, -, -, -, -, -, -, -, -, -,一般
,,,碩士,,198,73,125, -,3,3, -,1, -,3,3,32,53,1,1,22,1, -,1, -,25,26,3,1,1,6,2,4, -, -, -,6,一般
,,,碩士,職,133,34,99,1,1,1,1, -, -, -,3,13,48,2,4,8, -, -, -, -,9,23,1, -,2,7, -,1, -, -,3,5,一般
,,,學士,,129,69,60,2,2,3,4,8,8,28,17,11,7, -, -, -,2, -,2,5, -, -,7,10,1,3,2,2,2,2,1, -,一般
,,,學士,進,32,16,16, -,1,1,3,1, -,3,4,8,6,1, -, -, -, -, -, -, -, -,1, -, -, -,2,1, -, -, -, -,一般
53,國立高雄科技大學,高雄市,博士,,109,84,25,6,3,3,1,12,1,1, -,41,12,1,3,3, -, -, -, -, -, -, -, -,7, -, -, -, -, -,11,4,技職
,,,碩士,,306,194,112,4,5,19,9,35,18,22,15,70,37,4,1,2,11, -,1,1, -, -, -, -,19,8, -, -, -, -,12,13,技職
,,,碩士,職,368,251,117,13,6,7, -,29,11,2,2,154,65,2,16,20,1, -,3, -, -, -, -, -,8,1, -, -, -, -,18,10,技職
,,,四技,,503,361,142,20,9,17,10,84,13,125,59,73,18,4, -, -,17,1,3,4, -, -, -, -,7,3, -, -,4,4,11,17,技職
,,,四技,修,271,202,69,5,6,6,4,9,1,40,11,100,37,3,2,1,19, -,3, -, -, -, -, -,6,2, -, -,8,2,4,2,技職
,,,二技,,29,18,11,2, -,2, -,1,1,3,4,9,5, -, -, -,1, -, -, -, -, -, -, -, -,1, -, -, -, -, -, -,技職
,,,二技,修,11,7,4, -, -, -, -, -, -,1,1,5,3, -, -, -, -, -, -, -, -, -, -, -, -, -, -, -, -, -,1, -,技職
,,,五專,,23,19,4,1,1, -, -,8, -,4,2,3, -, -, -,1,1, -, -, -, -, -, -, -, -, -, -, -,1, -,1, -,技職
144,國立臺灣戲曲學院,臺北市,四技,,32,11,21,1,2, -,1, -,1,4,10,5, -,1, -,1, -,1, -,2, -, -, -, -,1,2, -, -, -, -, -, -,技職
,,,四技,修, -, -, -, -, -, -, -, -, -, -, -, -, -, -, -, -, -, -, -, -, -, -, -, -, -, -, -, -, -, -, -, -,技職
221,國立臺南護理專科學校,臺南市,二專,,3, -,3, -, -, -, -, -, -, -, -, -,3, -, -, -, -, -, -, -, -, -, -, -, -, -, -, -, -, -, -, -,技職
,,,二專,修,4,1,3, -, -, -,1, -, -, -, -, -, -, -, -, -, -, -, -, -, -, -, -, -,1,2, -, -, -, -, -, -,技職
,,,五專,,19,2,17, -,7, -, -, -, -,1,9, -, -, -, -, -,1, -, -, -, -, -, -, -, -, -, -, -, -,1, -, -,技職
222,國立臺東專科學校,臺東縣,二專,,55,39,16,2,1,2,4,3,1,15,5,5,1, -, -, -,2, -,1, -, -, -,6,2,1,1, -, -,2,1, -, -,技職
,,,二專,修,12,10,2, -,1, -, -, -, -, -, -,5,1, -, -, -,4, -, -, -, -, -, -, -, -, -, -, -,1, -, -, -,技職
,,,五專,,45,18,27,1, -,3,4,5,4,1,8,1,3, -, -,1,3,1, -, -, -, -,2,5, -, -, -,1,2, -, -, -,技職
1001,東海大學,臺中市,博士,,86,52,34,4,3, -,1, -, -, -, -,15,8, -,3,1, -, -, -,1,25,13, -, -,2,3,1, -, -,1,2,3,一般
,,,碩士,,380,178,202,6,5,4,14,2, -,4,2,53,56,1,5,7,3, -, -,5,51,52, -,2,9,8,1, -,8,3,32,47,一般
,,,碩士,職,233,117,116,6,12,2, -, -, -, -,1,55,42,1,2,5, -, -,3,2,27,28, -,1,10,7, -, -,4,1,8,16,一般
,,,學士,,525,279,246,31,29,8,6,15,12,65,60,20,9,3, -,1,2, -,19,41, -, -,5,1,12,9,3,3,15,6,84,66,一般
,,,學士,進,57,34,23,2,3,1, -,3, -, -,1,11,6, -, -,4,1, -, -, -, -, -, -, -,3,3,1, -,5,3,7,3,一般
1002,輔仁大學,新北市,博士,,145,70,75,2,8, -,1, -, -,2,6,17,21, -,5,8, -, -, -, -,41,24, -, -, -, -, -,1, -, -,3,6,一般
,,,碩士,,390,160,230,3,17,4,3, -, -,33,59,47,75,4,3,12,6, -,1,2,55,47, -,1,1, -, -,2, -,1,7,7,一般
,,,碩士,職,304,118,186,4,19,1,1, -, -,13,15,60,80,9,13,33, -, -,1,1,25,27, -, -, -, -,1,1, -, -, -, -,一般
,,,學士,,542,252,290,28,47,5,6,10,5,98,143,63,34, -, -,1,2, -,30,39, -, -,7,3,2,2, -, -,2,7,5,3,一般
,,,學士,進,249,113,136,13,23,3,4,1, -,18,25,66,64, -, -,7,2, -,5,6, -, -,3,2, -, -, -, -,2,5, -, -,一般
,,,二技,修,4,1,3,1,1, -, -, -, -, -, -, -,2, -, -, -, -, -, -, -, -, -, -, -, -, -, -, -, -, -, -, -,技職
1003,東吳大學,臺北市,博士,,24,13,11, -, -,1, -, -, -, -, -,1, -,2, -, -, -, -, -, -,8,6, -, -, -, -, -, -, -, -,3,3,一般
,,,碩士,,264,118,146,4,4,3,2, -, -, -,1,32,42,3,3,4,7, -,4,3,42,45, -,2,2,2,3,2, -, -,18,36,一般
,,,碩士,職,223,98,125,2,4, -, -, -, -,1,1,37,48,4,7,22,1, -,3,2,22,21,1,1,3,1,1,2, -, -,20,19,一般
,,,學士,,406,194,212,20,38,6,8,12,5,31,44,18,8, -, -,1,10, -,23,36, -, -,16,16,2,2,2,5, -, -,54,49,一般
,,,學士,進,110,42,68,5,9,2,2,2,3,3,5,11,19,1,1,2, -, -,2,2, -, -, -, -, -,1,1,2,1, -,14,22,一般
,,,4+X,,1,1, -, -, -, -, -, -, -, -, -, -, -, -,1, -, -, -, -, -, -, -, -, -, -, -, -, -, -, -, -, -,一般
1004,中原大學,桃園市,博士,,71,42,29,2,1,1, -, -, -, -, -,23,12, -,3,6,1, -,3,1,8,7, -, -,1,2, -, -, -, -, -, -,一般
,,,碩士,,215,108,107,4,6,8,7,2,1,7,4,30,32,1,6,10,6, -,2,2,26,35,8,5,4,2,5,2, -, -, -, -,一般
,,,碩士,職,178,121,57,4,5,8,3, -, -, -, -,68,27,2,24,13,4, -,2, -,9,3, -,1,2,3, -, -, -, -, -, -,一般
,,,學士,,451,273,178,11,12,17,13,61,17,55,41,52,35,1,1,7,16, -,22,22, -, -,17,23,7,3,10,4,4, -, -, -,一般
1005,淡江大學,新北市,博士,,125,75,50,4,6, -, -, -, -,1, -,22,12,3,2,2,1, -,2,2,9,3, -, -,2,2, -, -,29,18,3,2,一般
,,,碩士,,271,139,132,7,8,4,2,2, -,3,5,11,8,1,1,4,1, -,3,2,14,23, -,3, -, -,2,2,73,59,18,15,一般
,,,碩士,職,167,90,77,1,6, -,1, -, -, -, -,19,11,3,6,5, -, -,3,2,6,8, -, -, -,1,1, -,51,36,3,4,一般
,,,學士,,930,574,356,35,52,11,7,22,5,94,47,12,8,1, -, -,3, -,30,25, -, -,16,7, -,2,15,15,266,174,70,13,一般
,,,學士,進,170,111,59,1,5,2,1,3,1,5,6,10,5, -, -,1,1, -,2,2, -, -,1, -,2,1,1, -,75,34,8,3,一般
1006,中國文化大學,臺北市,博士,,118,61,57,3,4,2, -, -, -, -,1,24,9,1, -,4, -, -, -, -,22,25, -,1,2,1,1, -,2,2,5,9,一般
,,,碩士,,356,208,148,3,7,12,8,1,2,8,1,60,46, -,3,4,3, -,1,4,65,39,2,1,4, -,13,6,5,3,28,27,一般
,,,碩士,職,201,83,118,4,7,2,3,1, -, -,1,40,53, -,2,5,2, -,3,4,10,15, -, -,5,6, -,2,14,21, -,1,一般
,,,學士,,1233,719,514,32,49,40,31,56,23,100,100,68,40,1,1,2,7, -,31,29, -, -,12,14,6,3,8,7,251,135,107,80,一般
,,,學士,進,511,268,243,3,11,3,5,1,3,15,27,60,46,4, -, -,22, -,5,7, -, -,2,4,7,6,3,4,146,125,1,1,一般
,,,二技,修,26,7,19, -, -, -, -, -, -, -,1,2,8, -, -, -, -, -, -, -, -, -, -, -,1,1, -, -,4,9, -, -,技職
1007,逢甲大學,臺中市,博士,,52,40,12,6,2, -, -, -,1, -, -,12,4, -,6, -,1, -,1, -,8,3, -, -,5,2, -, -, -, -,1, -,一般
,,,碩士,,156,99,57,6,4,3,1, -,2,1,3,28,11,1,4,4,4, -,3, -,10,13, -, -,19,10, -,2, -, -,21,6,一般
,,,碩士,職,152,92,60,4,5, -,2,1, -, -,1,58,25,2,9,5, -, -, -,2,12,6, -, -,4,9,1, -, -, -,3,3,一般
,,,學士,,494,356,138,38,19,7,2,27,8,90,35,43,7,1,1,3,10, -,29,18, -, -,2, -,34,20,1, -,9,2,65,23,一般
,,,學士,進,86,44,42,3,4, -,2,2, -,7,6,14,12,4, -,4,1, -,1, -, -, -, -, -,5,6,1, -,3,1,7,3,一般
1008,靜宜大學,臺中市,博士,,9,1,8, -, -, -, -, -, -, -, -, -,1, -, -,2, -, -, -, -,1,5, -, -, -, -, -, -, -, -, -, -,一般
,,,碩士,,84,29,55,2,5, -,1,2,1,1, -,10,29,2, -,1, -, -, -, -,11,9, -,1,3,3, -,3, -, -, -, -,一般
,,,碩士,職,61,26,35,1,2, -,1,3, -, -, -,16,12,2, -,6, -, -, -,1,6,10, -, -, -,1, -, -, -, -, -, -,一般
,,,學士,,431,209,222,18,24,14,17,46,43,56,47,30,40,4, -,1,2, -,8,14, -, -,12,14,4,4,13,6,6,6, -,2,一般
1009,長庚大學,桃園市,博士,,67,47,20,1,1,2, -, -, -,1,1,16,8, -, -, -, -, -,4, -,8,5, -, -,6,2, -, -, -, -,9,3,一般
,,,碩士,,151,59,92,1,2,3,6, -, -,10,6,10,19,3, -,4, -, -,1,2,8,12, -, -,7,17, -, -, -, -,19,21,一般
,,,碩士,職,55,39,16, -,1,1,1, -, -, -,1,29,8,1,2, -, -, -,1, -, -, -, -, -,3,4, -, -, -, -,3, -,一般
,,,學士,,160,70,90,1,4,3,1, -, -,32,47,2,3,1, -,2,2, -,4,5, -, -, -, -,2,2, -, -,1, -,23,25,一般
1010,元智大學,桃園市,博士,,42,33,9, -, -, -, -, -, -,1, -,13,4, -,2, -, -, -, -, -,9,2, -, -,4,1, -, -, -, -,4,2,一般
,,,碩士,,74,49,25,4,1,1, -, -, -,2,1,10,5, -, -, -, -, -, -, -,12,6, -, -,1, -, -, -, -, -,19,12,一般
,,,碩士,職,98,69,29,1, -,1, -, -, -,1, -,51,19,1, -, -, -, -, -,1,11,4, -, -,1,1, -, -, -, -,3,3,一般
,,,學士,,213,130,83,5,9,1,1,18,6,36,18,10,8, -, -, -, -, -,3,6, -, -, -, -,2, -, -, -, -, -,55,35,一般
1011,中華大學,新竹市,博士,,13,10,3, -, -, -, -, -, -, -, -,6,1, -, -,1, -, -, -, -,4,1, -, -, -, -, -, -, -, -, -, -,一般
,,,碩士,,74,47,27, -,1,3,1, -, -,5,2,22,16, -,1,1,4, -, -,1,7,5,1, -,1, -, -, -,3, -, -, -,一般
,,,碩士,職,50,30,20,2,1, -, -, -, -, -, -,22,13, -, -,1, -, -, -,1,6,3, -, -, -,1, -, -, -, -, -, -,一般
,,,學士,,196,134,62,12,8,12,4,19,8,33,23,21,7, -, -, -,13, -,5,2, -, -,9,7,4, -,1,2,5,1, -, -,一般
,,,學士,進,30,22,8,2,1, -,1,2, -,2,3,9,2, -, -, -,3, -, -, -, -, -,1, -, -,1,1, -,2, -, -, -,一般
,,,二技,修,9,5,4, -, -, -, -, -, -,1,3,4,1, -, -, -, -, -, -, -, -, -, -, -, -, -, -, -, -, -, -, -,技職
1012,大葉大學,彰化縣,博士,,72,53,19,2,3,2, -, -, -,1, -,27,11, -,4, -,1, -, -, -,14,3, -, -, -, -, -, -,1, -,1,2,一般
,,,碩士,,134,76,58,2,7, -,7, -, -,1, -,47,29,1,1,3,3, -,3,1,13,7, -, -,3,1,2,2, -, -,1, -,一般
,,,碩士,職,86,37,49,1, -,1, -, -, -, -, -,27,34, -,2,1, -, -, -, -,5,11, -, -,1,3, -, -, -, -, -, -,一般
,,,學士,,374,243,131,27,39,22,24,14,2,40,27,88,16,2,1,1,22, -,4,2, -, -,7,6,4,5,6,3,3,1,5,3,一般
,,,學士,進,47,32,15, -,2,2,1,1, -,5,2,15,8, -, -,1,4, -,1, -, -, -,2, -,2,1, -, -, -, -, -, -,一般
,,,二技,修,5, -,5, -, -, -, -, -, -, -, -, -,5, -, -, -, -, -, -, -, -, -, -, -, -, -, -, -, -, -, -, -,技職
1013,華梵大學,新北市,博士,,12,8,4,1,1, -, -, -, -, -, -, -, -, -,1, -, -, -, -, -,5,3, -, -,1, -, -, -, -, -, -, -,一般
,,,碩士,,44,17,27,1,3, -, -,2, -,1, -,4,4, -, -,1,1, -, -, -,6,16,1,1,1,1, -, -, -, -, -,1,一般
,,,碩士,職,43,16,27,2,5,1, -, -,1,1, -,9,8, -, -, -, -, -,1,1,2,6, -, -, -,5, -, -, -, -, -,1,一般
,,,學士,,63,30,33,3,10, -, -,3, -,5,3,10,8, -, -, -,2, -,2, -, -, -, -,1,4,9, -, -, -, -,1,2,一般
1014,義守大學,高雄市,博士,,26,17,9, -, -, -, -, -, -, -, -,12,7, -, -,1, -, -, -, -,5, -, -, -, -,1, -, -, -, -, -, -,一般
,,,碩士,,16,6,10, -, -, -, -, -,1, -,1,5,5, -,1, -, -, -, -, -, -,1, -, -, -,1, -, -, -, -, -,1,一般
,,,碩士,職,33,24,9,1, -, -, -, -, -, -, -,14,3,1,2,3, -, -, -, -,1, -, -, -,5,1, -, -, -, -,1,1,一般
,,,學士,,262,157,105,13,7,6,16,8,5,64,44,39,14,2, -,1,2, -,9,6, -, -,2, -,5,2,4, -,2,3,3,5,一般
,,,學士,進,54,37,17, -,2,1,2, -, -,3,1,21,8,1, -, -,4, -, -, -, -, -, -,2,1, -,1,1,3, -,3, -,一般
,,,二技,修,7,2,5, -, -, -, -, -, -, -, -,1,3, -, -, -, -, -, -, -, -, -, -, -, -, -,1,1, -, -, -,1,技職
1015,世新大學,臺北市,博士,,36,15,21, -,1, -,1, -, -, -, -,7,13, -,1, -, -, -, -, -,7,5, -, -, -,1, -, -, -, -, -, -,一般
,,,碩士,,158,78,80,1,6,3,7, -, -,2, -,24,20,1, -,3,6, -, -,2,32,33, -, -,2, -,5,1, -, -,3,7,一般
,,,碩士,職,187,104,83,3,4,1, -, -, -, -, -,49,45,1,6,11, -, -,1,1,33,13, -, -,1,1, -, -, -, -,10,7,一般
,,,學士,,319,159,160,20,33,8,11,11,6,58,59,24,14,2, -, -,5, -,13,18, -, -,7,6,1,3,4,2,3, -,5,6,一般
,,,學士,進,30,17,13, -,1, -, -, -, -,2,2,6,4, -, -, -, -, -,1, -, -, -, -, -,1, -, -, -, -, -,7,6,一般
1016,銘傳大學,臺北市,博士,,21,10,11,1,1, -, -, -, -, -, -,6,4,1, -, -, -, -, -,1,2,3, -, -,1, -, -, -, -, -, -,1,一般
,,,碩士,,142,54,88,6,6, -, -, -,1, -,1,16,37,1, -,5,4, -,2,2,15,22, -, -, -,1, -,1, -, -,11,11,一般
,,,碩士,職,108,61,47,2,4, -, -, -, -, -, -,34,18,1,1,5,1, -, -, -,16,9, -, -,1,2, -, -, -, -,6,8,一般
,,,學士,,712,362,350,27,48,9,9,71,27,18,34,77,51,2,1, -,11, -,17,28, -, -,9,13,2,4,1,1,2,7,117,126,一般
1017,實踐大學,臺北市,博士,,2,1,1, -, -, -, -, -, -, -, -, -, -, -, -, -, -, -, -, -,1, -, -,1, -, -, -, -, -, -, -, -,一般
,,,碩士,,88,45,43,2,2,1,2,2,1, -, -,5,9, -,1,2,1, -,1,2,25,22, -, -,2,1,1, -, -, -,4,2,一般
,,,碩士,職,28,11,17, -, -, -, -, -,1, -, -,5,5,1, -,2,1, -, -, -,5,8, -, -, -, -, -, -, -, -, -, -,一般
,,,學士,,402,148,254,18,45,4,13,19,20,31,64,27,30,1, -,2,8, -,10,27, -, -,5,11,3,6,5,11,4,8,14,16,一般
,,,學士,進,110,41,69,3,17,5,5,1,2,7,4,15,20,2, -,4,1, -,1,2, -, -, -, -,1,7,1,3,1,1,5,2,一般
,,,二技,修,11,2,9, -,2, -, -, -, -, -, -,2,2, -, -,1, -, -, -,1, -, -, -, -, -,1, -, -, -,2, -, -,技職
1018,朝陽科技大學,臺中市,博士,,11,8,3,1, -, -, -, -, -, -, -,1,2,1, -, -, -, -, -, -,3, -, -, -,1, -, -, -, -, -,2, -,技職
,,,碩士,,101,49,52,3,2,3,2,2,1,3, -,18,18,2, -,3,4, -, -,1,11,19, -, -,1,2, -, -, -, -,4,2,技職
,,,碩士,職,79,37,42,2, -,1, -,1, -, -, -,23,20, -, -,7, -, -, -,1,8,7, -,1,2,5, -,1, -, -, -, -,技職
,,,四技,,379,189,190,16,18,15,23,22,18,54,54,32,33,2,2,12,23, -,4,6, -, -,4,4,5,8,2,4, -, -,10,8,技職
,,,四技,修,154,91,63,6,5,11,13, -,1,9,11,38,20,3, -,2,14, -,1, -, -, -,1,1,4,4,1, -,4, -,2,3,技職
,,,二技,,3,2,1, -, -, -, -, -, -, -, -,1,1, -, -, -, -, -, -, -, -, -, -, -,1, -, -, -, -, -, -, -,技職
1019,高雄醫學大學,高雄市,博士,,74,39,35,1,3,1, -, -, -, -,1,14,6,3,6,1, -, -, -, -,16,17, -, -, -,4, -, -, -, -,1, -,一般
,,,碩士,,122,35,87, -, -,2,1, -, -,2,4,14,35,2, -,8, -, -, -,1,9,32,3,1,2,2,1, -, -, -,2,1,一般
,,,碩士,職,69,27,42, -,1,3,2, -, -, -, -,16,15,1, -,8, -, -, -, -,6,12, -, -,1,2,1,1, -, -, -, -,一般
,,,學士,,205,86,119,2,6,2,1,3,3,54,69,5,3,1, -, -, -, -,7,11, -, -,3,9,4,3,1,4, -,1,5,8,一般
1020,南華大學,嘉義縣,博士,,8,3,5, -, -, -, -, -, -, -, -,1,1, -, -,2, -, -,1, -,1,2, -, -, -, -, -, -, -, -, -, -,一般
,,,碩士,,192,77,115,2,5,5,5, -,1,2,10,32,32,5,2,9,3, -, -, -,21,35,1,1,3,9,3,2, -, -,3,1,一般
,,,碩士,職,132,52,80,2,1,2,3, -,2,4,1,19,29,1,4,9, -, -,1,1,17,30, -,1,1,2,2, -, -, -, -, -,一般
,,,學士,,243,133,110,11,15,18,12,18,11,34,29,25,13,1, -,1,8,3,1,5,1, -,6,6,6,7,1,1, -, -,4,6,一般
,,,學士,進,33,20,13,1,1, -,3,2,1,4,4,10,4, -, -, -,1, -, -, -, -, -,1, -, -, -,1, -, -, -, -, -,一般
1021,真理大學,新北市,碩士,,20,18,2,2, -,1,1, -, -,1, -,2, -, -, -, -,1, -,1, -,9,1, -, -,1, -, -, -, -, -, -, -,一般
,,,碩士,職,2,1,1, -, -,1, -, -, -, -, -, -,1, -, -, -, -, -, -, -, -, -, -, -, -, -, -, -, -, -, -, -,一般
,,,學士,,191,117,74,4,12,41,24,3,5,29,12,16,7,2, -, -,13, -,4,5, -, -,3,5,2, -,2,1, -, -, -,1,一般
1022,大同大學,臺北市,博士,,32,18,14,1,1, -,1, -, -, -, -,8,5, -, -,2,1, -, -, -,7,4, -, -, -, -, -, -, -, -,1,1,一般
,,,碩士,,20,15,5,1, -,1, -,1, -, -, -,3,1, -, -, -,1, -, -, -,5,2, -, -,2, -, -, -, -, -,1,2,一般
,,,碩士,職,35,26,9, -,1, -, -, -, -, -, -,18,6,1,1,1, -, -, -, -,4, -, -, -,1, -,1, -, -, -,1, -,一般
,,,學士,,105,74,31,9,3,2,2,4,1,25,14,11, -, -, -, -,4, -,9,3, -, -,6,3,1, -,2,3, -, -,1,2,一般
1023,南臺科技大學,臺南市,博士,,20,15,5,3,1,1, -, -, -,1, -,8,3, -, -,1, -, -, -, -,2, -, -, -, -, -, -, -, -, -, -, -,技職
,,,碩士,,243,123,120,10,8,15,23, -, -,5,1,48,42,3, -,2,12, -,2,3,10,7,1,1, -,7,2,5, -, -,18,18,技職
,,,碩士,職,113,67,46,2,5,3,4, -, -, -, -,41,22,3,1,1, -, -,1, -,6,6, -, -,2, -,2,1, -, -,9,4,技職
,,,四技,,805,512,293,34,33,50,40,15,7,102,89,168,65,3,1,3,67,1,9,8, -, -,4,5,2,5,24,8, -, -,36,26,技職
,,,四技,修,712,438,274,20,21,42,42,4,3,25,28,235,131,12, -,4,71,4,2, -, -, -,2,2,4,2,12,4, -, -,21,21,技職
,,,二技,,9,1,8, -,2, -,2, -, -, -,1,1,2, -, -, -, -, -, -, -, -, -, -, -, -,1, -, -, -, -, -, -,技職
,,,二技,修,36,16,20, -,2, -,2, -, -, -, -,14,11,1, -,1,1, -, -, -, -, -, -,1, -,1, -,1, -, -,1, -,技職
,,,五專,,13,11,2,1, -, -, -, -, -, -,1,4,1, -, -, -, -, -, -, -, -, -,2, -, -, -,2, -, -, -,2, -,技職
1024,崑山科技大學,臺南市,博士,,7,7, -,1, -, -, -, -, -, -, -,4, -, -, -, -, -, -,1, -, -, -, -, -, -, -, -, -,1, -, -, -,技職
,,,碩士,,96,67,29,2,1,2, -,5,1, -, -,30,13,1, -, -,6, -, -, -,4,2, -, -,1,1, -, -,17,10, -, -,技職
,,,碩士,職,29,23,6, -, -, -, -, -, -, -, -,4,1, -,1, -, -, -, -, -, -, -, -, -, -, -, -, -,18,5, -, -,技職
,,,四技,,889,642,247,20,18,29,17,52,2,95,47,174,64,2, -, -,71,2,11,2, -, -,2,2,10,11, -, -,178,80, -, -,技職
,,,四技,修,529,349,180,3,6,6,5,2,2,10,7,43,20, -, -,2,14, -, -, -, -, -,3,2, -,3, -, -,268,133, -, -,技職
,,,二技,修,27,16,11, -,1, -, -, -, -, -, -,3, -, -, -, -, -, -, -, -, -, -, -, -, -, -, -, -,13,10, -, -,技職
,,,二專,修,9,9, -, -, -, -, -, -, -, -, -,1, -, -, -, -, -, -, -, -, -, -, -, -, -, -, -, -,8, -, -, -,技職
1025,嘉南藥理大學,臺南市,碩士,,45,27,18, -, -,1, -, -, -, -,1,5,4, -, -, -,2, -, -, -, -, -,1, -, -, -,1, -,2,4,15,9,技職
,,,碩士,職,64,28,36,1,4, -,1, -, -, -, -,9,12,2, -, -, -, -, -, -, -,9, -, -, -,1, -, -,8, -,10,7,技職
,,,四技,,522,245,277,12,30,20,32,2,6,21,31,20,25,2, -, -,21, -,2, -, -, -,4,9,1,4,1,1,68,46,73,91,技職
,,,四技,修,291,186,105,1,3,7,9,2, -,2,5,49,25,1,2, -,19, -,1, -, -, -, -, -, -,1, -, -,53,28,50,33,技職
,,,二技,,3,2,1, -, -, -, -, -, -,1,1, -, -, -, -, -, -, -, -, -, -, -, -, -, -, -, -, -, -, -,1, -,技職
,,,二技,修,56,16,40, -,1, -,2, -, -, -,1,6,17,2, -, -,1, -, -, -, -, -, -, -,1,3, -, -,4,2,4,12,技職
1026,樹德科技大學,高雄市,博士,,8,2,6, -,1, -, -, -, -, -, -,1,2, -, -,1, -, -, -, -,1,2, -, -, -, -, -, -, -, -, -, -,技職
,,,碩士,,27,9,18, -,3,1,5,3, -,2, -,3,1, -, -,1, -, -, -, -, -,4, -, -, -, -, -, -, -,3, -,1,技職
,,,碩士,職,52,18,34, -,3,2,2,1,1, -, -,6,6, -,2,4, -, -, -, -,5,11, -, -,1,4, -, -,1,3, -, -,技職
,,,四技,,272,144,128,12,19,37,37,15,4,18,21,32,20,1,1,3,10,1,3,2, -,1,3,1,2,5, -, -,8,10,3,3,技職
,,,四技,修,53,34,19,3,2,6,4,1,1,5,1,10,9, -,1, -,2, -, -, -, -, -,2, -, -, -, -, -,4,2, -, -,技職
,,,二技,修,22,9,13, -,3,3,4,2, -, -, -,2,5,1, -, -,1, -, -, -, -, -, -, -, -, -, -, -,1, -, -, -,技職
,,,二專,修,17,3,14, -, -,1,3,1, -, -,2, -,6, -, -, -, -, -,1, -, -, -, -, -, -, -, -, -, -,3, -, -,技職
1027,慈濟大學,花蓮縣,博士,,23,16,7,1, -, -, -, -, -, -, -,2, -, -, -, -,1, -, -, -,5,5,1, -,2, -, -, -, -, -,4,2,一般
,,,碩士,,86,30,56, -,1,1,2, -, -, -,1,6,5,1,1,3, -, -,1, -,11,26,2, -, -,2, -, -, -, -,8,15,一般
,,,碩士,職,5,1,4, -, -, -, -, -, -, -, -, -,1, -, -,1, -, -, -, -, -,1, -, -, -, -, -, -, -, -,1,1,一般
,,,學士,,98,35,63,3,8, -,2,6, -,15,17, -,1,1, -,1,1, -,1,3, -, -, -,3,1,1,1, -,1, -,6,26,一般
1028,臺北醫學大學,臺北市,博士,,65,25,40,1,4,2, -, -, -,1, -,7,13, -,2,3, -, -,1, -,7,13,1, -,2,6, -, -, -, -,1,1,一般
,,,碩士,,94,36,58,2,1,3,1, -, -, -,2,15,9,1,1,6, -, -,1,2,2,10,1,1,6,15, -,2, -, -,5,8,一般
,,,碩士,職,73,17,56, -,4,1,1, -, -, -, -,6,16,2,1,3, -, -, -, -,7,20,1, -,1,8, -, -, -, -, -,2,一般
,,,學士,,239,111,128,4,5,1,1,2, -,79,90,9,3,1, -,3, -, -,3,9, -, -,1,6,4,8,3, -, -, -,5,2,一般
,,,4+X,, -, -, -, -, -, -, -, -, -, -, -, -, -, -, -, -, -, -, -, -, -, -, -, -, -, -, -, -, -, -, -, -,一般
1029,中山醫學大學,臺中市,博士,,29,18,11,6, -, -, -, -, -, -, -,4,6, -, -, -, -, -, -, -,7,5,1, -, -, -, -, -, -, -, -, -,一般
,,,碩士,,97,25,72,2, -, -,4, -,1,2,1,10,18,1, -,8, -, -, -,2,5,30,1,3,2,2, -,1, -, -,3,1,一般
,,,碩士,職,53,7,46, -,1, -, -, -, -,1, -,6,19, -, -,3, -, -, -, -, -,20, -, -, -,3, -, -, -, -, -, -,一般
,,,學士,,257,106,151,3,11,1,4,5,1,63,98,8,4,1, -, -,1, -,12,12, -, -,8,9,1,5,3,3, -, -,1,3,一般
,,,二技,修,7,4,3, -, -, -,1, -, -, -, -,4, -, -, -,1, -, -, -, -, -, -, -, -, -, -, -, -, -, -, -,1,技職
1030,龍華科技大學,桃園市,碩士,,45,35,10, -,1,6, -,5,3,3,2,15,2,1, -, -,1, -, -, -,3, -, -, -,1, -, -, -, -, -,1,1,技職
,,,碩士,職,5,4,1,1, -, -, -, -, -, -, -,3,1, -, -, -, -, -, -, -, -, -, -, -, -, -, -, -, -, -, -, -,技職
,,,四技,,254,190,64,6,5,20,11,20,6,44,12,21,9,3, -, -,17, -,2, -, -, -,6,4,5, -, -, -, -, -,49,14,技職
,,,四技,修,174,139,35,6,2,13,3,9,1,16,7,68,16,1, -, -,11, -,2, -, -, -, -, -,2,1,1, -,2,2,9,2,技職
,,,五專,,28,24,4,1,2,1, -,4, -,8,2,3, -, -, -, -,1, -, -, -, -, -, -, -,1, -, -, -, -, -,5, -,技職
1031,輔英科技大學,高雄市,碩士,,59,20,39,1,3,4, -, -,1, -,8,10,9, -, -,3,2, -, -, -,1,11, -, -,1,2,1, -, -, -, -,2,技職
,,,碩士,職,22, -,22, -,4, -, -, -,1, -,1, -,7, -, -, -, -, -, -, -, -,9, -, -, -, -, -, -, -, -, -, -,技職
,,,四技,,286,135,151,7,14,20,35,11,11,44,38,27,11,4, -,2,17, -,2,1, -, -,1,1,2,6,1,1, -,1,3,26,技職
,,,四技,修,60,44,16,1,3,5,3,1, -,2,5,32,4, -, -, -, -, -, -, -, -, -, -, -, -, -,1,1,2, -, -, -,技職
,,,二技,,54,9,45, -,8,2,6, -, -, -,12,4,6,2, -, -,1, -, -,1, -, -, -, -, -, -, -,9,2,1, -, -,技職
,,,二技,修,89,19,70,1,6,1,3, -, -,3,20,12,27,3, -,2, -,1, -,1, -, -, -, -,1,1,1,5, -,1, -, -,技職
,,,五專,,88,19,69, -,12, -,3,3,6,14,44, -, -, -, -, -,1, -, -, -, -, -, -,1, -, -,1,3, -, -, -, -,技職
1032,明新科技大學,新竹縣,碩士,,43,26,17,1, -,1,2,1, -, -, -,5,4,1, -, -,1, -, -, -,11,5, -, -,3,1, -,1,3,2, -,1,技職
,,,碩士,職,64,44,20, -,2, -, -, -, -, -, -,20,12,1, -, -,1, -, -, -, -, -, -, -,5,3, -, -,18,2, -, -,技職
,,,四技,,444,298,146,7,11,10,14,27,6,36,26,46,25,8, -,1,44,1,1,2, -, -,11,4,9,8,7,1,83,27,17,12,技職
,,,四技,修,192,126,66,3, -,5,2, -,1,3,1,54,34,2, -,2,15, -, -,1, -, -,1, -, -,2, -, -,43,20,2,1,技職
,,,二技,修,32,16,16, -,2, -,1, -, -, -,4,9,6,1, -, -,1, -, -, -, -, -, -, -,1, -, -, -,5,2, -, -,技職
,,,二專,,1,1, -, -, -, -, -, -, -, -, -, -, -, -, -, -, -, -, -, -, -, -, -, -, -, -, -, -,1, -, -, -,技職
,,,二專,修,32,21,11, -,2, -, -, -, -,2, -,4,2, -, -, -,3,1, -, -, -, -, -, -,1, -, -, -,11,6, -, -,技職
1033,長榮大學,臺南市,博士,,7,4,3, -, -, -, -, -, -, -, -,2,1,1,1, -,1, -, -, -, -, -, -, -, -,1, -, -, -, -, -, -,一般
,,,碩士,,45,22,23, -,3, -,2, -, -, -,1,6,4, -, -,4,3, -,1, -,7,7,5, -, -, -, -, -, -,2, -, -,一般
,,,碩士,職,12,6,6,1, -, -,1, -, -, -, -,5,3, -, -,2, -, -, -, -, -, -, -, -, -, -, -, -, -, -, -, -,一般
,,,學士,,243,128,115,5,14,9,8, -, -,31,35,24,13,3, -, -,6, -,3,4,1, -,29,24,6,4,7,7,7,3, -, -,一般
,,,學士,進,17,10,7,1,2,1,1, -, -,1,2,5, -, -, -, -,2, -, -, -, -, -, -,1, -, -, -,1, -, -, -, -,一般
1034,弘光科技大學,臺中市,博士,,3, -,3, -,1, -, -, -, -, -, -, -,1, -, -, -, -, -, -, -, -,1, -, -, -, -, -, -, -, -, -, -,技職
,,,碩士,,56,12,44, -,4, -,3, -, -,2,3,6,20, -, -,6, -, -, -, -,2,6, -, -,1,1, -, -, -, -,1,1,技職
,,,碩士,職,35,10,25,2,1,1,2, -, -, -, -,6,7,2, -,6,1, -, -, -, -,4, -, -, -,2, -, -, -, -, -,1,技職
,,,四技,,346,142,204,7,31,16,30,7,7,47,55,37,37,5, -,7,7, -,3,3, -, -,6,11,1,6,3,2,2,3,6,7,技職
,,,四技,修,352,152,200,7,18,18,28,4,3,21,32,70,72,10,1,9,16, -,1, -, -, -,2,11,2,5, -,1,6,2,4,9,技職
,,,二技,,17, -,17, -,1, -,3, -, -, -,4, -,2,1, -,2, -, -, -, -, -, -, -, -, -,1, -,1, -, -, -,2,技職
,,,二技,修,53,4,49,1,6, -,3, -, -, -,4,3,23, -, -,1, -, -, -,2, -, -, -,4, -, -, -, -, -, -, -,6,技職
,,,二專,修,30,6,24, -,3,1,5, -, -, -,1,3,12, -, -,1,1, -, -, -, -, -, -, -, -, -, -, -,1,1, -,1,技職
,,,五專,,4, -,4, -, -, -, -, -, -, -,2, -, -, -, -, -, -, -, -,1, -, -, -,1, -, -, -, -, -, -, -, -,技職
1035,中國醫藥大學,臺中市,博士,,89,50,39,1, -, -, -, -, -, -,1,11,9, -,4,4, -, -,3,1,8,7, -, -,6,3, -,1,2, -,15,13,一般
,,,碩士,,118,41,77, -,5,1,6, -, -, -,6,6,10,4,2,8, -, -,2, -,3,7, -,2,3,2,2, -,7,2,15,25,一般
,,,碩士,職,28,6,22, -,1, -, -, -, -, -, -,1,3,1, -,3, -, -, -, -, -,7, -, -,3,1, -, -,1,2,1,4,一般
,,,學士,,230,94,136,2,7,2,6, -, -,21,33,2,3,1, -, -,1, -,4,11, -, -,3,4,6,6,6,3,1,3,46,59,一般
1036,健行科技大學,桃園市,碩士,,26,19,7,2,1,3, -, -, -,1, -,9,3, -, -,1,2, -, -, -,1, -, -,1,1,1, -, -, -, -, -, -,技職
,,,碩士,職,1,1, -, -, -, -, -, -, -, -, -,1, -, -, -, -, -, -, -, -, -, -, -, -, -, -, -, -, -, -, -, -,技職
,,,四技,,235,165,70,8,4,10,13,18,8,37,16,32,15,1, -,1,47, -, -, -, -, -,1,2,8,4,1,2,1, -,2,4,技職
,,,四技,修,411,260,151,10,10,30,14,8,3,25,18,142,84,7,3,3,22, -, -,2, -, -,1, -,16,10, -, -,3, -, -, -,技職
,,,二技,,1,1, -,1, -, -, -, -, -, -, -, -, -, -, -, -, -, -, -, -, -, -, -, -, -, -, -, -, -, -, -, -,技職
,,,二技,修,18,6,12,1, -,1, -, -, -, -,1,4,6,2, -, -, -, -, -, -, -, -, -, -, -,3, -, -, -, -, -, -,技職
,,,五專,, -, -, -, -, -, -, -, -, -, -, -, -, -, -, -, -, -, -, -, -, -, -, -, -, -, -, -, -, -, -, -, -,技職
1037,正修科技大學,高雄市,博士,,1,1, -, -, -, -, -, -, -, -, -,1, -, -, -, -, -, -, -, -, -, -, -, -, -, -, -, -, -, -, -, -,技職
,,,碩士,,65,34,31, -,2,4, -, -, -, -, -,7,11, -, -, -,1, -, -, -,7,5,2, -, -,4,1, -,12,9, -, -,技職
,,,碩士,職,39,26,13,2,1,1, -,1, -, -, -,6,2, -, -, -, -, -, -, -,15,8, -, -, -, -, -, -, -, -,1,2,技職
,,,四技,,545,333,212,16,19,33,39,1, -,73,49,69,36,2, -,1,36,1,3,3, -, -,14,10,4,7,10,2,73,41,1,2,技職
,,,四技,修,653,410,243,10,12,12,15,47,33,49,26,160,92,8,1,1,22,1,5,3, -, -,5,7,1,1, -, -, -, -,98,44,技職
,,,二技,, -, -, -, -, -, -, -, -, -, -, -, -, -, -, -, -, -, -, -, -, -, -, -, -, -, -, -, -, -, -, -, -,技職
,,,二技,修,131,69,62,3,6,1,6,12,11,3,2,39,26, -, -,2, -, -,1, -, -, -, -, -, -,4, -, -, -, -,10,5,技職
,,,二專,修,209,130,79,4,3,4,2,61,35,7,4,32,24,1, -,1,6, -,1,2, -, -, -,2,1,2, -, -, -, -,14,3,技職
,,,五專,,21,16,5,1,3,1, -,1, -,9,2,1, -, -, -, -,1, -, -, -, -, -,2, -, -, -, -, -, -, -, -, -,技職
1038,萬能科技大學,桃園市,碩士,,12,7,5,1,1,1,1, -, -, -, -,1,1, -, -, -,3, -, -, -,1,1, -, -, -,1, -, -, -, -, -, -,技職
,,,碩士,職,5,3,2, -, -, -, -, -, -, -, -,2,1, -, -, -, -, -, -, -, -, -, -, -,1,1, -, -, -, -, -, -,技職
,,,四技,,393,201,192,13,17,67,67,7,2,37,34,50,37,5, -,1,15, -, -,5, -, -,5,15,5,6,2,3, -, -, -, -,技職
,,,四技,修,90,55,35,2,1,10,16, -, -,1, -,31,17, -, -, -,8, -, -, -, -, -,1, -,1, -,1, -, -,1, -, -,技職
,,,二技,修,6,3,3, -, -, -, -, -,1, -,1,3,1, -, -, -, -, -, -, -, -, -, -, -, -, -, -, -, -, -, -, -,技職
,,,二專,修,1, -,1, -, -, -, -, -, -, -, -, -, -, -, -, -, -, -, -, -, -, -, -, -, -, -, -, -, -,1, -, -,技職
1039,玄奘大學,新竹市,博士,, -, -, -, -, -, -, -, -, -, -, -, -, -, -, -, -, -, -, -, -, -, -, -, -, -, -, -, -, -, -, -, -,一般
,,,碩士,,111,37,74, -,1,4,10, -,1,1, -,12,28,2,2,1, -, -, -, -,8,16,1, -, -,5,1,1,2,1,6,8,一般
,,,碩士,職,46,15,31, -,1,1,2, -, -, -, -,3,15, -, -,1, -, -, -, -,2,8, -, -,1,2, -, -,2, -,6,2,一般
,,,學士,,153,62,91,7,6,10,14,3,11,7,10,12,18, -, -, -,5, -, -,3, -, -,1,2,1, -,1,1,7,12,8,14,一般
,,,學士,進,8,4,4, -, -, -, -, -, -, -, -,1,2, -, -, -, -, -, -, -, -, -, -, -, -, -, -, -,2,1,1,1,一般
1040,建國科技大學,彰化縣,碩士,,11,8,3, -, -,1, -,1, -,1, -,4,2, -, -, -,1, -, -, -, -, -, -, -, -, -, -, -, -, -, -,1,技職
,,,四技,,100,73,27, -,8,11,7,2,1,18,1,20,3, -,2, -,7, -, -, -, -, -,2,1,7,1, -, -,4,1, -,4,技職
,,,四技,修,75,49,26,1,2,3,2,2, -, -, -,26,13,2, -,1,9, -, -, -, -, -,5,5,2,1,1, -, -, -, -, -,技職
,,,二技,修,3,2,1, -,1, -, -, -, -, -, -,2, -, -, -, -, -, -, -, -, -, -, -, -, -, -, -, -, -, -, -, -,技職
,,,二專,修,5,4,1,1, -, -, -, -, -, -, -,3,1, -, -, -, -, -, -, -, -, -, -, -, -, -, -, -, -, -, -, -,技職
1041,明志科技大學,新北市,碩士,,27,20,7, -,1,4, -, -, -,2, -,6,5, -, -, -,5, -, -, -,1,1, -, -,2, -, -, -, -, -, -, -,技職
,,,碩士,職,5,5, -,1, -, -, -, -, -, -, -,3, -, -, -, -, -, -, -, -, -, -, -, -,1, -, -, -, -, -, -, -,技職
,,,四技,,86,69,17,5,1,6,2,5,3,33,4,11,5, -, -, -,5,1,1,1, -, -,2, -, -, -, -, -,1, -, -, -,技職
,,,四技,修,15,13,2,2, -,1,2, -, -,4, -,6, -, -, -, -, -, -, -, -, -, -, -, -, -, -, -, -, -, -, -, -,技職
1042,高苑科技大學,高雄市,碩士,,14,9,5, -, -,4, -, -, -, -, -,4,3, -, -, -, -, -, -, -, -, -, -, -,1,1, -, -, -,1, -, -,技職
,,,碩士,職,36,21,15, -, -,1, -, -, -,1,1,19,13, -, -, -, -, -, -, -, -, -, -, -, -,1, -, -, -, -, -, -,技職
,,,四技,,24,19,5,2,1,1, -,1, -,1, -,9,2, -, -, -, -, -, -, -, -, -, -, -,1,2, -, -,3, -,1, -,技職
,,,四技,修,75,48,27,1, -,1, -, -, -,1,1,36,23,1, -, -,7, -, -, -, -, -, -, -,2,2, -, -, -, -, -, -,技職
,,,二技,修,24,13,11, -, -, -, -, -, -, -, -,13,11, -, -, -, -, -, -, -, -, -, -, -, -, -, -, -, -, -, -, -,技職
,,,二專,修,21,12,9, -, -, -, -, -, -, -, -,12,9, -, -, -, -, -, -, -, -, -, -, -, -, -, -, -, -, -, -, -,技職
1043,大仁科技大學,屏東縣,碩士,,44,20,24,1,6, -,1, -, -,2, -,3,10, -, -, -,1, -, -, -,3,1, -, -,1, -,1, -,6,4,2,2,技職
,,,碩士,職,15,8,7, -,1, -, -, -, -, -, -,2,2, -, -, -, -, -, -, -,6,3, -, -, -,1, -, -, -, -, -, -,技職
,,,四技,,563,330,233,9,9,33,24,8, -,29,33,24,12,3, -,1,17, -,4,3, -, -,4,4,1,7,16,6,104,73,81,58,技職
,,,四技,修,29,25,4,1,1,1, -, -, -,1, -,9,2, -, -, -,5, -, -, -, -, -, -, -, -,1, -, -,8, -, -, -,技職
,,,二技,,1, -,1, -, -, -, -, -, -, -, -, -, -, -, -, -, -, -, -, -, -, -, -, -, -, -, -, -, -, -, -,1,技職
,,,二技,修,50,15,35,1,5,1,2, -, -, -, -,8,16, -, -,2,2, -, -, -, -, -, -,1,2,5, -,2,1,2, -, -,技職
,,,二專,修,8,4,4, -, -, -,1, -, -, -, -,2,1, -, -,1, -, -, -, -, -, -, -, -, -, -, -, -,2,1, -, -,技職
1044,聖約翰科技大學,新北市,碩士,,23,18,5,1, -, -, -, -, -, -, -,5,1, -, -, -,2, -, -, -,7,1,1, -, -, -, -, -, -,1,2,2,技職
,,,碩士,職,29,24,5,1, -,1, -, -, -, -, -,12,2, -, -, -, -, -, -, -,8,2, -, -, -, -,1, -, -,1,1, -,技職
,,,四技,,91,71,20, -,1,2,2,12,2,6,2,24,8,1,1, -,17, -, -, -, -, -,1,1,1, -, -,1,4, -,3,2,技職
,,,四技,修,20,17,3,1, -, -, -, -, -,1, -,12,1, -, -,1,2, -, -, -, -, -, -, -,1,1, -, -, -, -, -, -,技職
,,,二技,修,4,2,2, -,1, -, -, -, -, -,1,2, -, -, -, -, -, -, -, -, -, -, -, -, -, -, -, -, -, -, -, -,技職
,,,二專,修,2, -,2, -, -, -, -, -, -, -, -, -,2, -, -, -, -, -, -, -, -, -, -, -, -, -, -, -, -, -, -, -,技職
,,,五專,,16,13,3, -, -,1, -,1,1,3, -,4,1, -, -, -,1, -, -,1, -, -, -, -,2, -, -, -, -, -,1, -,技職
1045,嶺東科技大學,臺中市,碩士,,52,19,33, -,3,3,5, -, -, -,1,8,9,2, -, -,3, -, -, -,2,10, -, -,2,1,1, -, -, -, -,2,技職
,,,碩士,職,25,17,8,1, -, -, -, -, -, -, -,14,8, -, -, -, -, -,1, -, -, -, -, -,1, -, -, -, -, -, -, -,技職
,,,四技,,185,62,123,3,10,7,33,2,6,25,42,5,14,1, -,1,11, -,1,4, -, -,2,1,1,8,5,3, -, -, -, -,技職
,,,四技,修,220,117,103,2,8,8,12,2,2,7,5,68,62,1, -,2,22,1, -,1, -, -,2,4,5,3, -, -, -, -,1,2,技職
1046,中國科技大學,臺北市,碩士,,49,32,17,1,3, -, -, -, -, -,1,18,6, -,2, -, -, -,1,2,9,2, -, -, -,1, -, -, -, -,1,2,技職
,,,碩士,職,27,23,4, -, -,2, -, -, -, -, -,19,3, -, -, -, -, -, -, -,2, -, -, -, -, -, -, -, -, -, -,1,技職
,,,四技,,268,138,130,6,13,10,16,5, -,27,34,38,27,1, -,1,24, -,5,4, -, -,11,15,2,3, -, -, -, -,10,16,技職
,,,四技,修,110,69,41,2,2,2,3,1, -,3,5,42,20,1,1,1,6, -,3,2,1, -,3,1,3,1,1, -,1, -, -,5,技職
,,,二技,修,47,27,20,1,1, -, -, -, -, -,1,22,14,1, -,1,1, -, -, -, -, -,1,1,1,1, -, -, -, -,1, -,技職
,,,二專,修,70,44,26,2, -,1,1, -,2,2,3,31,16, -, -,1,4, -, -,1, -, -, -,1,2,1,1, -, -, -,1, -,技職
1047,中臺科技大學,臺中市,博士,,4,3,1,1, -, -, -, -, -, -, -,1,1, -,1, -, -, -, -, -, -, -, -, -, -, -, -, -, -, -, -, -,技職
,,,碩士,,27,10,17, -,4,1, -, -, -, -, -,5,6, -, -, -,2, -, -, -,1,2, -, -, -,2, -,2,1,1, -, -,技職
,,,碩士,職,77,22,55,2,4, -,2, -, -, -,1,6,9, -,1,11, -, -,1, -,3,14, -, -, -,4, -, -,9,9, -,1,技職
,,,四技,,353,155,198,4,8,5,22,13,8,40,61,11,20,3, -,6,13,1, -,1, -, -,2,7,3,4,3,2,61,55, -, -,技職
,,,四技,修,365,144,221,1,9,3,12,9,4,12,15,26,29,1,1,22,6, -, -, -, -, -,1,8,2,11, -, -,82,106,1,4,技職
,,,二技,,20,5,15,1, -,1, -, -, -, -,5,2,4, -, -,1, -, -, -, -, -, -, -,1, -,1,1,3, -, -, -, -,技職
,,,二技,修,110,19,91,1,7,2,2,1, -,3,8,5,25,2, -,14, -, -, -, -, -, -, -,4,1,5,1, -,5,24, -, -,技職
1048,亞洲大學,臺中市,博士,,40,26,14,3, -,1, -, -,1, -,1,6,4,1, -, -, -, -,1, -,10,3, -, -,2,2, -, -, -, -,3,2,一般
,,,碩士,,119,41,78,4,6,2,2,1,1,2,3,9,27, -,1, -,1, -, -,3,14,21, -, -, -,7,1, -, -,2,6,6,一般
,,,碩士,職,59,30,29, -,3,1,1, -, -, -, -,19,11, -, -, -, -, -, -, -,7,8, -, -,2,5, -, -, -,1,1, -,一般
,,,學士,,281,112,169,7,51,3,5,10,9,33,47,13,14,1, -,1,10, -,8,9,1, -,6,13,16,13,1,3,3,3,1, -,一般
,,,學士,進,43,13,30,1,3, -,3, -,3,2,7,4,11, -, -, -,1, -, -, -, -, -,1, -,1,1, -,1,2,1,1, -,一般
1049,開南大學,桃園市,碩士,,58,24,34,3,3,3,2,1,1, -,1,9,17, -, -,3,4, -, -, -,2,2, -,1, -,1,1,1, -, -,1,2,一般
,,,碩士,職,47,29,18,1,1,1, -,1, -, -, -,20,12,1,2, -,1, -, -, -,1,3, -, -, -, -,1, -, -, -,1,1,一般
,,,學士,,183,94,89,4,16,11,13,12, -,24,21,25,15,4, -,2,7, -,2,4, -, -, -, -,2,3, -,1, -, -,7,10,一般
,,,學士,進,89,56,33,2,5,1,6, -, -,4,2,36,15, -, -,4,12, -, -, -, -, -, -,1, -, -, -, -, -, -,1, -,一般
1050,佛光大學,宜蘭縣,博士,,15,5,10,2, -, -, -, -, -, -, -,1,3, -, -, -, -, -, -, -,1,6, -, -,1,1, -, -, -, -, -, -,一般
,,,碩士,,117,51,66,2,6,2, -,2,1,1, -,20,15,3, -,1, -, -,1,3,15,24,1,3,3,9,1, -, -, -,3,1,一般
,,,碩士,職,20,15,5, -,1, -, -, -, -,1, -,9, -, -,1, -, -, -, -, -,2,3, -, -,2,1, -, -, -, -, -, -,一般
,,,學士,,127,69,58,5,10,1,3,7,2,22,15,14,13, -, -, -,3, -,1,3, -, -,7,7,6,3,1, -, -, -,2,2,一般
1051,台南應用科技大學,臺南市,碩士,,28,11,17,1,1,1, -,2, -,1,1,2,10,1, -,1,1, -,1, -, -, -,1,1, -,2, -, -, -, -,1, -,技職
,,,碩士,職,23,5,18, -, -, -, -, -, -,1,2,4,12,2, -, -, -, -, -,1, -,1, -, -, -, -, -, -, -, -, -, -,技職
,,,四技,,496,182,314,11,42,21,34,13,17,50,85,31,38,4, -,2,7, -,2,7, -, -,14,17,23,51, -, -, -, -,10,17,技職
,,,四技,修,262,98,164,1,14,5,9,2, -,6,18,79,120,1, -,1,4, -, -, -, -, -,1,1, -, -, -, -, -, -, -, -,技職
,,,二技,,17,4,13, -,2,1,2, -, -, -,2, -,4, -, -, -,1, -,1,1, -, -,1,1, -,1, -, -, -, -, -, -,技職
,,,二技,修,11,2,9, -, -, -,2, -, -, -,1,2,5,1, -, -, -, -, -, -, -, -, -, -, -, -, -, -, -, -, -, -,技職
,,,五專,,71,18,53,2,13, -,1,2,7,3,8,3,6, -, -, -, -, -,3,3, -, -,2,4,1,9, -, -, -, -,2,2,技職
1052,遠東科技大學,臺南市,碩士,,36,20,16,1, -, -, -, -, -,1, -,13,7,2, -, -,1, -,1,1,2,2, -, -,1,1, -, -, -, -, -,3,技職
,,,碩士,職,3,3, -, -, -, -, -, -, -, -, -, -, -, -, -, -,1, -, -, -,1, -, -, -,1, -, -, -, -, -, -, -,技職
,,,四技,,229,149,80,4,7,15,12,24,2,22,15,30,27,1,1,1,27, -, -,1, -, -,8,4,2,2,3, -,1, -,12,8,技職
,,,四技,修,58,47,11, -, -, -, -, -, -,4,1,38,8,1, -, -,5,1, -, -, -, -, -, -, -, -, -, -, -, -, -, -,技職
,,,二技,修,15,10,5, -, -, -, -, -, -, -,1,10,3, -, -,1, -, -, -, -, -, -, -, -, -, -, -, -, -, -, -, -,技職
,,,二專,修,44,32,12, -,1, -, -, -, -, -, -,31,9,1, -, -,1, -, -, -, -, -, -, -, -,1, -, -, -, -, -, -,技職
1053,元培醫事科技大學,新竹市,碩士,,56,26,30,2,1, -,1,8,8, -, -,10,14,2, -, -,3, -, -, -, -, -, -,2,3,2, -, -, -, -, -, -,技職
,,,碩士,職,8,1,7, -, -, -, -, -,1, -, -,1,6, -, -, -, -, -, -, -, -, -, -, -, -, -, -, -, -, -, -, -,技職
,,,四技,,97,55,42,10,9,3,2,12,3,9,10,7,4,1, -, -,8,1,1, -, -, -,1,7,4,4, -, -, -, -, -,1,技職
,,,四技,修,63,33,30,2,5, -, -,3,6,2,2,21,15, -, -, -,5, -, -, -, -, -, -,2, -, -, -, -, -, -, -, -,技職
,,,二技,修,14, -,14, -,3, -, -, -, -, -,1, -,9, -, -, -, -, -, -, -, -, -, -,1, -, -, -, -, -, -, -, -,技職
1054,景文科技大學,新北市,碩士,,9,7,2, -, -, -, -, -, -, -, -,2, -,1, -, -, -, -, -, -,5,1, -, -, -, -, -, -, -, -, -, -,技職
,,,碩士,職,9,7,2, -, -,1, -, -, -, -, -,3,1, -, -,1,1, -, -, -,1, -, -, -,1, -, -, -, -, -, -, -,技職
,,,四技,,212,113,99,5,8,22,15,5,6,33,21,23,28, -, -,4,19, -,2,9, -, -, -,2,4,4, -,2, -, -, -, -,技職
,,,四技,修,48,22,26,2,6,4,5,2,1,5,4,5,7, -, -,1,3, -, -, -, -, -, -,2, -, -,1, -, -, -, -, -,技職
,,,二技,修,11,3,8, -,2, -,3,2,1, -, -,1,2, -, -, -, -, -, -, -, -, -, -, -, -, -, -, -, -, -, -, -,技職
,,,二專,修,16,9,7, -, -,1,3,3, -, -,1,3,2,1, -, -,1, -,1, -, -, -, -, -, -, -, -, -, -, -, -, -,技職
1055,中華醫事科技大學,臺南市,碩士,,46,13,33,2,1,1, -, -, -, -, -,1,15, -, -, -, -, -, -, -, -,1, -, -, -, -, -, -,6,10,3,6,技職
,,,碩士,職,2, -,2, -, -, -, -, -, -, -, -, -, -, -, -, -, -, -, -, -, -, -, -, -, -, -, -, -, -,2, -, -,技職
,,,四技,,266,124,142,3,12,11,7, -, -,12,20,9,5,2, -, -,2, -, -, -, -, -,1,1, -,1, -, -,71,63,15,31,技職
,,,四技,修,122,57,65, -,4,4,5, -, -, -,1,10,16,1, -,2,1, -, -, -, -, -, -, -, -, -, -, -,40,34,2,2,技職
,,,二技,,51,17,34, -,2,1,4, -, -,2,2,4,2, -, -, -, -, -, -, -, -, -, -, -, -, -, -, -,4,16,6,8,技職
,,,二技,修,111,36,75, -,2,2,10, -, -,1,3,5,19,2, -,1,1, -, -, -, -, -, -, -, -, -, -, -,27,38, -, -,技職
,,,二專,,1,1, -, -, -, -, -, -, -, -, -, -, -, -, -, -, -, -, -, -, -, -, -, -, -, -, -, -,1, -, -, -,技職
,,,二專,修,13,8,5, -, -, -, -, -, -, -, -,4,5, -, -, -,1, -, -, -, -, -, -, -, -, -, -, -,3, -, -, -,技職
,,,五專,,177,51,126,2,5,2,6, -, -,12,25,5,14,1, -,1, -, -, -, -, -, -, -,1, -, -, -, -,19,44,11,29,技職
1056,東南科技大學,新北市,碩士,,34,27,7, -, -, -, -, -, -, -, -,7,1,1, -,1,2, -, -, -, -, -, -, -,2, -, -, -,16,4, -, -,技職
,,,碩士,職,16,14,2, -, -, -, -, -, -, -, -, -, -, -, -, -, -, -, -, -, -, -, -, -,1, -, -, -,13,2, -, -,技職
,,,四技,,373,257,116,6,6,18,6,2,1,11,9,71,38,1, -, -,9, -, -,1, -, -,14,5,7,7, -, -,118,41,1,1,技職
,,,四技,修,143,103,40, -, -, -, -, -, -, -,1,3, -, -, -, -, -, -, -, -, -, -, -, -,1,1, -, -,99,38, -, -,技職
1057,德明財經科技大學,臺北市,碩士,,11,8,3, -, -, -, -, -, -, -, -,2, -, -, -, -, -, -, -, -,1, -, -, -, -, -, -, -,5,3, -, -,技職
,,,碩士,職,6,4,2, -, -, -, -, -, -, -, -,1, -,1, -,1, -, -, -, -, -, -, -, -, -, -, -, -,3, -, -, -,技職
,,,四技,,463,269,194,17,14,9,3,38,17,48,30,35,19,5, -,2,5, -,3,1, -, -,4,4,9,7,15,23,86,69, -, -,技職
,,,四技,修,67,31,36,1,4, -, -,4, -,1,3,5,7,2, -,2, -, -,1, -, -, -, -, -,2,2, -, -,17,16, -, -,技職
,,,二技,,4, -,4, -, -, -, -, -, -, -,1, -, -, -, -, -, -, -, -, -, -, -, -, -, -, -, -, -, -,3, -, -,技職
,,,二技,修,11,6,5, -, -, -, -, -, -, -, -,2,2, -, -, -, -, -, -, -, -, -, -, -, -, -, -, -,4,3, -, -,技職
1058,明道大學,彰化縣,博士,,4,3,1, -, -, -, -, -, -, -, -,1, -, -, -, -, -, -,1, -, -, -, -, -,1,1, -, -, -, -, -, -,一般
,,,碩士,,39,16,23,1,4,1, -, -, -, -, -,6,14, -, -,1, -, -, -, -,6,3, -, -,1,1, -, -, -, -,1, -,一般
,,,碩士,職,15,6,9,2,3, -, -, -, -, -, -,3,2,1, -,1,1, -, -, -, -,1, -, -, -,1, -, -, -, -, -, -,一般
,,,學士,,67,42,25,5,5,4,3, -,1,6,4,10,7,1, -, -,10, -, -, -, -, -, -, -,1, -, -, -,2, -,4,4,一般
,,,學士,進,29,19,10,1,2, -,1, -, -,2,1,9,3, -, -, -,2, -, -, -, -, -, -, -, -,1, -, -, -,1,5,1,一般
1060,南開科技大學,南投縣,碩士,,16,11,5, -, -,1, -, -, -, -, -,8,4, -, -, -, -, -, -, -,2, -, -, -, -,1, -, -, -, -, -, -,技職
,,,碩士,職,21,6,15, -,2,1, -, -, -,1, -,1,10, -, -, -, -, -, -, -,2,2, -, -, -,1, -, -, -, -,1, -,技職
,,,四技,,47,36,11,1, -,4,1,2, -,3,1,13,5, -, -, -,6, -, -,1, -, -,2,1, -, -, -,1,1, -,4,1,技職
,,,四技,修,29,21,8,1,1,1,1, -, -, -, -,11,5,1, -, -,6, -, -, -, -, -, -, -,1, -, -, -, -, -,1, -,技職
,,,二技,修,5,3,2,1, -, -, -, -, -, -, -, -,2, -, -, -,2, -, -, -, -, -, -, -, -, -, -, -, -, -, -, -,技職
,,,二專,修,6,4,2, -, -, -, -, -, -, -,1,3,1, -, -, -, -, -, -, -, -, -, -, -, -, -, -, -, -, -,1, -,技職
,,,五專,,22,18,4, -,2,1, -,1, -,3, -,6,1, -, -, -,3, -, -, -, -, -,3, -, -, -,1, -, -, -, -,1,技職
1061,中華科技大學,臺北市,碩士,,67,54,13,1,1,3,2, -, -,1, -,18,3,1, -, -,2, -,1, -, -, -, -, -, -, -, -, -,25,4,3,2,技職
,,,碩士,職,20,19,1, -, -, -, -, -, -, -, -,6, -, -, -, -, -, -, -, -,1, -, -, -, -, -, -, -,11,1,1, -,技職
,,,四技,,383,260,123,4,10,17,4,2,1,10,4,57,36,1, -, -,53, -, -,2, -, -, -, -,3, -, -, -,102,51,12,14,技職
,,,四技,修,109,93,16,2, -,1,1, -, -,6,1,18,6, -, -, -,13, -, -, -, -, -, -, -, -, -, -, -,50,7,3,1,技職
,,,二技,,4,2,2, -, -, -, -, -, -, -, -, -, -, -, -, -, -, -, -, -, -, -, -, -, -, -, -, -,1,2,1, -,技職
,,,二技,修,20,12,8,1, -, -, -, -, -, -, -,4,1, -, -, -,1, -, -, -, -, -, -, -, -, -, -, -,6,7, -, -,技職
,,,二專,修,51,35,16, -, -, -, -, -, -, -,1,2,3, -, -, -,7, -, -, -, -, -, -, -, -, -, -, -,26,12, -, -,技職
1062,僑光科技大學,臺中市,碩士,,7,1,6, -,2, -, -, -, -, -, -, -,4, -, -, -,1, -, -, -, -, -, -, -, -, -, -, -, -, -, -, -,技職
,,,碩士,職,3,1,2, -, -, -, -, -, -, -, -,1,2, -, -, -, -, -, -, -, -, -, -, -, -, -, -, -, -, -, -, -,技職
,,,四技,,141,67,74,7,11,2,10,3,1,15,16,23,20,5, -, -,6,1,2,1, -, -,4,5,1,1,4,2, -,1, -, -,技職
,,,四技,修,125,71,54,4,1,3,7,1, -,5,7,31,30,3, -,3,18,1,1, -, -, -,2, -,2, -,2, -,1,2,1, -,技職
1063,育達科技大學,苗栗縣,碩士,,17,14,3, -,1,1, -, -, -, -, -,5, -, -, -, -,4, -, -,1,3,1, -, -,1, -, -, -, -, -, -, -,技職
,,,碩士,職,32,19,13, -,1, -,1, -, -, -, -,8,3,1, -,1, -, -, -, -,5,2, -, -,1,2, -, -, -, -,5,2,技職
,,,四技,,80,43,37,3,6,10,7,3,2,9,3,9,5,6, -,1,4, -, -, -, -, -,1,2,2,5,1, -,1, -, -, -,技職
,,,四技,修,99,62,37,2, -,7,6,2, -,2,3,32,18,3, -,2,6, -, -, -, -, -, -, -,5,2, -, -, -, -,6,3,技職
,,,二技,修,64,19,45,1,3,1,2, -, -,1,1,8,14,3, -,1,2, -, -, -, -, -, -,2, -,7, -, -, -, -,6,12,技職
1064,美和科技大學,屏東縣,碩士,,50,17,33,1,5,1,1, -, -, -, -,7,12,1, -,1,3, -,1, -,3,12, -, -, -,1,1, -, -, -, -, -,技職
,,,碩士,職,34,11,23,1,1, -,1, -, -, -, -,5,7,2, -, -, -, -, -, -,1,10, -, -, -,1, -, -,4,1, -, -,技職
,,,四技,,143,72,71,4,9,6,9, -, -,15,22,18,14,3, -,3,13, -, -, -, -, -,4,8,2,2, -, -,10,1, -, -,技職
,,,四技,修,75,32,43,2,2,1,6, -, -,1,3,17,20,2, -,4,6, -, -, -, -, -,1,1,2,1, -,1,2,3, -, -,技職
,,,二技,,8, -,8, -,1, -, -, -, -, -,3, -,3, -, -, -, -, -, -, -, -, -, -, -, -,1, -, -, -, -, -, -,技職
,,,二技,修,111,26,85,3,7,1,6, -, -,1,2,17,43, -, -,4,2, -, -, -, -, -, -,4,2,12, -,3, -,4, -, -,技職
,,,二專,修,16,9,7, -, -, -,1, -, -,3, -,6,5, -, -, -, -, -, -, -, -, -, -, -, -, -, -, -, -,1, -, -,技職
,,,五專,,92,19,73,3,1, -,9, -,2,5,21,4,8,7, -, -,4, -, -, -, -, -,1,10, -, -, -,2,2,13, -, -,技職
1065,吳鳳科技大學,嘉義縣,碩士,,5,3,2, -, -, -, -, -, -, -, -,2,1, -, -, -, -, -, -, -, -, -, -, -, -, -, -, -,1,1, -, -,技職
,,,碩士,職,6,5,1,1, -, -, -, -, -, -, -,2,1, -, -, -, -, -, -, -, -, -, -, -,1, -, -, -,1, -, -, -,技職
,,,四技,,231,149,82,5,1,2,3,2, -,20,22,37,13,2, -, -,8, -, -, -, -, -,4,3,11,1,2, -,58,37, -, -,技職
,,,四技,修,135,99,36,1,2,6,6,14,4,13,10,55,12,1, -,1,7, -, -, -, -, -, -, -,3, -, -, -, -, -, -, -,技職
,,,二技,修,40,19,21, -, -, -, -,1, -,1,1,10,9, -, -, -, -, -, -, -, -, -, -, -, -, -, -, -,7,11, -, -,技職
,,,二專,修,26,14,12, -, -, -, -, -,2,1, -,3,5, -, -, -, -, -, -, -, -, -, -, -, -, -, -, -,10,5, -, -,技職
1066,環球科技大學,雲林縣,碩士,,29,14,15,3,2,6,2,1,6,1,1,2,3, -, -, -, -, -,1, -, -, -, -, -, -,1, -, -, -, -, -, -,技職
,,,碩士,職,12,3,9, -, -,1, -,2,8, -, -, -,1, -, -, -, -, -, -, -, -, -, -, -, -, -, -, -, -, -, -, -,技職
,,,四技,,149,80,69,5,10,18,20,15,15,26,21,10,1, -, -, -,4, -, -, -, -, -, -,1,2,1, -, -, -, -, -, -,技職
,,,四技,修,34,20,14, -,2, -,1, -, -, -, -,6,5, -, -, -,1, -, -, -, -, -,4,2, -, -, -, -,9,4, -, -,技職
,,,二技,修,8,4,4, -, -, -, -, -, -, -, -,1, -, -, -, -, -, -, -, -, -, -,2,3, -, -, -, -,1,1, -, -,技職
,,,二專,修,7,5,2, -, -, -, -, -, -, -, -,1,2, -, -, -,1, -, -, -, -, -,1, -, -, -, -, -,2, -, -, -,技職
1067,台灣首府大學,臺南市,碩士,,5,3,2, -, -, -, -,1, -, -, -,2, -, -, -, -, -, -, -, -, -, -, -, -, -,2, -, -, -, -, -, -,一般
,,,學士,,20,9,11, -, -, -, -,1,1,3,1,5,8,1, -, -, -, -, -, -, -, -, -, -, -, -, -, -, -, -, -, -,一般
,,,學士,進,10,5,5, -, -, -,1, -, -, -, -,4,2, -, -, -,1, -, -, -, -, -, -, -, -,1, -, -, -, -, -,1,一般
1068,中州科技大學,彰化縣,碩士,,1,1, -, -, -, -, -, -, -, -, -, -, -, -, -, -, -, -, -, -,1, -, -, -, -, -, -, -, -, -, -, -,技職
,,,碩士,職,1, -,1, -, -, -, -, -, -, -, -, -,1, -, -, -, -, -, -, -, -, -, -, -, -, -, -, -, -, -, -, -,技職
,,,四技,,15,11,4, -, -, -,1,2,2,3, -,3,1, -, -, -,1, -, -, -, -, -, -, -,2, -, -, -, -, -, -, -,技職
,,,四技,修,21,15,6,1,2,1,1, -,1,1,1,9,1, -, -, -, -, -, -, -, -, -, -, -,3, -, -, -, -, -, -, -,技職
,,,二技,修,6,4,2, -, -, -, -, -, -, -, -,3, -, -, -, -, -, -, -, -, -, -, -, -,1,2, -, -, -, -, -, -,技職
,,,二專,修,1, -,1, -, -, -, -, -, -, -, -, -,1, -, -, -, -, -, -, -, -, -, -, -, -, -, -, -, -, -, -, -,技職
1069,修平科技大學,臺中市,碩士,,6,4,2, -, -, -, -, -, -,2, -,1, -, -, -, -, -, -, -, -, -,2, -, -,1, -, -, -, -, -, -, -,技職
,,,碩士,職,2,2, -, -, -, -, -, -, -, -, -,1, -, -, -, -, -, -, -, -,1, -, -, -, -, -, -, -, -, -, -, -,技職
,,,四技,,115,82,33,2,8,6,2,6,1,20,5,32,6, -, -,2,1, -, -,2, -, -,2,2,10,3,2, -,1,2, -, -,技職
,,,四技,修,74,68,6,2,1,3, -,2, -,20,1,34,2, -, -, -,2, -, -, -, -, -,2, -,1,2, -, -,2, -, -, -,技職
,,,二技,修,38,22,16, -, -, -, -, -, -, -, -, -, -, -, -, -, -, -, -, -, -, -, -, -, -, -, -, -,22,16, -, -,技職
,,,二專,修,4,3,1, -, -, -, -, -, -, -, -, -, -, -, -, -, -, -, -, -, -, -, -, -, -, -, -, -,3,1, -, -,技職
1070,長庚科技大學,桃園市,碩士,,11, -,11, -,2, -,1, -, -, -,1, -,4, -, -,2, -, -, -, -, -,1, -, -, -, -, -, -, -, -, -, -,技職
,,,碩士,職,27, -,27, -,3, -, -, -, -, -, -, -,15, -, -,3, -, -, -, -, -,6, -, -, -, -, -, -, -, -, -, -,技職
,,,四技,,72,12,60,2,13, -,1, -,1,7,32,1,1, -, -, -, -, -, -,2, -, -,1,6, -, -, -,3,1,1, -, -,技職
,,,二技,,31,1,30, -,7, -,2, -, -, -,3,1,12,1, -, -, -, -, -, -, -, -, -,3, -,1, -,1, -, -, -, -,技職
,,,二技,修,58, -,58, -,6, -,1, -, -, -,3, -,32,3, -,4, -, -, -,1, -, -, -, -, -,3, -,2, -, -, -,3,技職
1071,臺北城市科技大學,臺北市,碩士,,25,19,6,1, -,1,1, -, -, -, -,11,4, -, -, -,1, -, -, -,4, -, -, -,1, -, -, -, -, -, -,1,技職
,,,四技,,406,250,156,9,6,30,26,3, -,4,4,60,44,1, -,1,54, -,4,2, -, -,7,4,18,19,13,11,1,2,47,36,技職
,,,四技,修,218,176,42, -, -,5, -,4,1,3,2,19,6, -, -, -,14, -,2, -, -, -, -, -,9,2, -, -,110,28,10,3,技職
,,,二技,修,106,61,45, -,1,1,2, -, -,1, -,10,9, -, -, -,4, -, -, -, -, -, -, -, -, -, -, -,44,29,1,4,技職
,,,二專,修,238,114,124,2,3, -,2,1,2, -,1,11,19,1, -, -,7, -, -, -, -, -,1, -, -,2, -, -,90,89,2,5,技職
,,,五專,,78,56,22,2,1,2,2,2,2,4,2,18,5, -, -, -,12, -,2, -, -, -,1,3,1,4, -, -,1, -,11,3,技職
1072,敏實科技大學,新竹縣,四技,,13,9,4,2,1,1,1, -,1,2, -,4,1, -, -, -, -, -, -, -, -, -, -, -, -, -, -, -, -, -, -, -,技職
,,,四技,修,6,5,1, -, -,1, -, -, -, -, -,4,1, -, -, -, -, -, -, -, -, -, -, -, -, -, -, -, -, -, -, -,技職
,,,五專,,6,2,4, -, -, -, -, -, -, -,3,2,1, -, -, -, -, -, -, -, -, -, -, -, -, -, -, -, -, -, -, -,技職
1073,醒吾科技大學,新北市,碩士,,9,7,2, -, -, -, -, -, -, -, -,4,1, -,1, -, -, -, -, -, -, -, -, -,2,1, -, -, -, -, -, -,技職
,,,碩士,職,9,6,3, -,1,1, -, -, -, -, -,3, -, -, -,1, -, -,2,1, -, -, -, -, -, -, -, -, -, -, -, -,技職
,,,四技,,446,203,243,14,17,36,43,14,13,47,76,55,52,7, -, -,9, -,3,10, -, -,13,18,8,3,1,2, -, -,3,2,技職
,,,四技,修,148,68,80,3,1,3,5,31,25,9,11,14,32, -, -,2,5, -, -, -, -, -,1,4, -, -, -, -, -, -,2, -,技職
,,,二技,修,70,28,42,1,4,1,4,10,13, -,3,10,12,1,1, -,3, -,1,2, -, -,1,1, -, -, -,1, -, -, -,1,技職
,,,二專,修,85,47,38,2, -, -,2,23,18,7,1,14,11,1, -, -,1, -, -,1, -, -, -,1, -,1, -,1, -, -, -,1,技職
,,,五專,,38,19,19,1,2,1,1,3, -,8,8,4,3,1, -, -,1, -,1, -, -, -, -, -, -, -, -,4, -, -, -, -,技職
1075,文藻外語大學,高雄市,碩士,,77,17,60,2,7,1,5,1,3, -,4,6,15,2,1,1, -, -,1,5,2,11, -, -, -,2,1,5,2, -, -, -,技職
,,,碩士,職,15,2,13,1,1, -, -, -, -,1, -, -,7, -, -,1, -, -, -, -, -,1, -, -, -,2, -,1, -, -, -, -,技職
,,,四技,,278,111,167,8,24,4,12,35,50,21,23,22,35, -, -, -,5, -,4,7, -, -, -,2,3,5,5,1,4,6, -,2,技職
,,,四技,修,202,76,126,6,6,7,10,5,9,4,10,40,54,7,1,3,3, -,2,2, -, -, -,2,2,8,2,3,4,12, -, -,技職
,,,二技,,15,3,12, -,1, -, -,2,6, -,1, -,1, -, -, -, -, -, -, -, -, -, -, -, -,1,1,1, -,1, -, -,技職
,,,二技,修,41,9,32, -,3, -, -, -,2, -, -,8,20,2, -,1, -, -,1, -, -, -, -, -, -, -, -,1, -,2, -,1,技職
,,,五專,,88,18,70,1,7,1, -,4,15,7,37,1,2, -, -,1, -, -,3,6, -, -, -, -, -, -, -,1,1,1, -, -,技職
1076,華夏科技大學,新北市,碩士,,16,13,3, -, -, -, -, -, -, -, -,3, -, -,1, -, -, -, -, -,2,2, -,1, -, -, -, -,7, -, -, -,技職
,,,碩士,職,10,6,4,1, -, -, -, -, -, -, -,2,1, -, -, -, -, -, -, -,1,1, -, -, -, -, -, -,2,2, -, -,技職
,,,四技,,172,97,75,4,2,9,6,1, -,13,15,6,17,4, -,1,20, -, -,1, -, -,3,2,1,3,2,1,35,21,3,2,技職
,,,四技,修,94,49,45,4,3,2,2, -,1,4,5,23,15, -, -,1,4, -, -, -, -, -, -,2, -,1, -, -,10,13,2,2,技職
,,,二技,,1,1, -, -, -, -, -, -, -, -, -,1, -, -, -, -, -, -, -, -, -, -, -, -, -, -, -, -, -, -, -, -,技職
,,,二技,修,44,28,16,1,1, -, -, -, -,1,2,13,7,2, -,1,3, -, -, -, -, -,1, -,1,1, -, -,5,2,3, -,技職
,,,二專,修,33,16,17, -, -, -,1, -, -,1,1,1,4, -, -, -,2, -, -, -, -, -, -, -, -,1, -, -,12,9, -,1,技職
,,,五專,,59,49,10,2,1,1, -,4, -,16,3,8, -, -, -, -,3, -, -,2, -, -,2,1, -, -,1, -,8,3,4, -,技職
1077,慈濟科技大學,花蓮縣,碩士,,17,3,14, -,2, -, -, -, -, -, -,3,8,1, -,2, -, -, -, -, -,1, -, -, -, -, -, -, -, -, -, -,技職
,,,四技,,71,31,40,2,4,3,3,7,6,9,17,3,7, -,1,1,3, -, -, -, -, -, -, -,1, -,2,1, -, -, -,1,技職
,,,四技,修,1, -,1, -, -, -, -, -, -, -, -, -, -, -, -, -, -, -, -, -, -, -, -, -, -, -, -, -, -, -, -,1,技職
,,,二技,,3, -,3, -, -, -, -, -, -, -,1, -,1,1, -, -, -, -, -, -, -, -, -, -, -, -, -, -, -, -, -, -,技職
,,,二技,修,34,5,29, -,2, -, -, -, -, -,2,3,16, -, -,1, -, -, -, -, -, -,1,1,1,6, -, -, -, -, -,1,技職
,,,五專,,59,15,44,1,7,2, -,7,6,5,24, -,3, -, -,2, -, -, -, -, -, -, -, -, -,2, -, -, -, -, -, -,技職
1078,致理科技大學,新北市,碩士,,10,3,7, -, -, -,2, -, -, -, -,2,1, -, -, -, -, -, -, -,1,2, -, -, -,2, -, -, -, -, -, -,技職
,,,碩士,職,11,3,8, -, -, -, -, -, -, -, -,2,4, -, -, -, -, -, -, -,1,2, -, -, -,2, -, -, -, -, -, -,技職
,,,四技,,194,76,118,3,6,3,7,13,22,22,28,16,26,1, -,3,5,1,3,4, -, -,6,6,3,6,1,8, -, -,1, -,技職
,,,四技,修,280,132,148,2,12,11,11,12,7,21,20,70,69,4, -,16,9, -, -,1, -, -,4,3,1,5,1, -, -, -,1, -,技職
,,,二技,,5,1,4, -, -, -, -, -, -,1,1, -,2, -, -, -, -, -, -, -, -, -, -, -, -, -, -,1, -, -, -, -,技職
,,,五專,,86,19,67,3,5, -,1,4,14,9,36,1,6, -, -, -,1, -,1,3, -, -, -,2, -, -, -, -, -, -, -, -,技職
1079,康寧大學,臺北市,碩士,,10,4,6,1, -, -, -,2,1, -, -,1,5, -, -, -, -, -, -, -, -, -, -, -, -, -, -, -, -, -, -, -,一般
,,,碩士,職,11,2,9, -, -, -, -, -, -, -, -,2,6, -, -, -, -, -, -, -, -, -, -, -, -,1, -, -, -,2, -, -,一般
,,,學士,,12,4,8, -,1, -, -, -,1,1,3,1,1, -, -, -, -, -, -, -, -, -, -, -, -,1, -, -,2,1, -, -,一般
,,,學士,進,1,1, -, -, -, -, -, -, -, -, -,1, -, -, -, -, -, -, -, -, -, -, -, -, -, -, -, -, -, -, -, -,一般
,,,二技,修,17, -,17, -,5, -,1, -, -, -, -, -,7,1, -, -, -, -, -, -, -, -, -, -, -,2, -, -, -,1, -, -,技職
,,,二專,, -, -, -, -, -, -, -, -, -, -, -, -, -, -, -, -, -, -, -, -, -, -, -, -, -, -, -, -, -, -, -, -,技職
,,,二專,修,8,4,4, -,2, -, -, -, -, -, -,4,1,1, -, -, -, -, -, -, -, -, -, -, -, -, -, -, -, -, -, -,技職
,,,五專,,131,41,90,4,10,1,1,4,4,10,32,1,6, -, -,2,3, -,3,2, -, -,5,6, -,1,5,3,1,14,4,9,技職
1080,宏國德霖科技大學,新北市,碩士,,2,1,1, -, -, -, -, -, -, -, -,1,1, -, -, -, -, -, -, -, -, -, -, -, -, -, -, -, -, -, -, -,技職
,,,四技,,94,64,30,7,3,12,6,5,3,13,8,13,5,3, -, -,10, -, -, -, -, -, -, -, -,1,3,1,1, -, -, -,技職
,,,四技,修,45,28,17,3,1,3, -,2, -, -, -,16,11, -, -, -,3, -,1, -, -, -, -, -, -,5, -, -, -, -, -, -,技職
,,,二技,修,20,10,10, -,3, -, -, -, -, -, -,8,5,1, -, -, -, -, -, -, -, -, -, -,1,1, -, -,1, -, -, -,技職
,,,五專,,49,32,17,3,2,2, -,9,7,5,3,5,1, -, -, -,8, -, -, -, -, -, -,1, -,3, -, -, -, -, -, -,技職
1081,東方設計大學,高雄市,碩士,,32,20,12, -, -, -, -, -, -, -, -,4,1, -, -, -, -, -, -, -, -, -, -, -, -, -, -, -,16,11, -, -,技職
,,,碩士,職,8, -,8, -,1, -, -, -, -, -, -, -,1, -, -, -, -, -, -, -, -, -, -, -, -, -, -, -, -,6, -, -,技職
,,,四技,,96,63,33,3,3,3, -, -, -, -, -,4,4, -, -, -,3, -, -, -, -, -, -, -, -, -, -, -,44,21,6,5,技職
,,,四技,修,13,5,8, -, -, -, -, -, -, -, -, -, -, -, -, -,1, -, -, -, -, -, -, -, -, -, -, -,3,8,1, -,技職
,,,二技,,6, -,6, -, -, -, -, -, -, -, -, -, -, -, -, -, -, -, -, -, -, -, -, -, -, -, -, -, -,4, -,2,技職
,,,二技,修,28,14,14, -, -, -, -, -, -, -, -, -, -, -, -, -, -, -, -, -, -, -, -, -, -, -, -, -,14,14, -, -,技職
,,,二專,修,65,33,32, -, -, -, -, -, -, -, -,2,1, -, -, -,1, -, -, -, -, -, -, -, -, -, -, -,30,31, -, -,技職
,,,五專,,74,39,35, -,3, -, -, -, -,1,1,3,1, -, -, -,1, -,1, -, -, -, -, -, -, -,1,1,23,26,9,3,技職
1082,崇右影藝科技大學,基隆市,碩士,,3,1,2, -, -, -,1, -, -, -, -,1, -, -, -, -, -, -, -, -, -,1, -, -, -, -, -, -, -, -, -, -,技職
,,,四技,,59,21,38,2,5,3,11,3,2,1,6,7,9,2, -,2,5, -, -, -, -, -, -,1, -, -, -, -, -, -, -, -,技職
,,,二技,修,1,1, -, -, -,1, -, -, -, -, -, -, -, -, -, -, -, -, -, -, -, -, -, -, -, -, -, -, -, -, -, -,技職
,,,二專,修,1, -,1, -, -, -, -, -, -, -,1, -, -, -, -, -, -, -, -, -, -, -, -, -, -, -, -, -, -, -, -, -,技職
,,,五專,, -, -, -, -, -, -, -, -, -, -, -, -, -, -, -, -, -, -, -, -, -, -, -, -, -, -, -, -, -, -, -, -,技職
1083,台北海洋科技大學,新北市,碩士,,33,26,7, -,1, -, -, -, -,1, -,18,5, -, -, -, -, -, -, -, -, -, -, -, -, -, -, -,6,1,1, -,技職
,,,四技,,206,132,74,4,6,19,14, -, -,31,20,38,17, -, -, -,12, -,1, -, -, -, -, -, -, -, -, -,25,13,2,4,技職
,,,四技,修,23,13,10, -,3,3,2, -, -,2,1,5,2,2, -, -,2, -, -, -, -, -, -, -, -, -, -, -, -, -,1, -,技職
,,,二技,,17,16,1,1, -,2, -, -, -,1,1,3, -, -, -, -,4, -, -, -, -, -, -, -, -, -, -, -,5, -, -, -,技職
,,,二技,修,30,12,18, -, -,1,6, -, -,1,1,8,9,1, -, -,1, -, -, -, -, -, -, -, -, -, -, -, -, -,1,1,技職
,,,二專,,2,2, -, -, -, -, -, -, -, -, -, -, -, -, -, -, -, -, -, -, -, -, -, -, -, -, -, -,2, -, -, -,技職
,,,二專,修,12,9,3, -, -,3,3, -, -, -, -,5, -, -, -, -, -, -, -, -, -, -, -, -, -, -, -, -, -, -,1, -,技職
,,,五專,,84,57,27,2,1,10,5, -, -,14,9,16,6, -, -,1,7, -, -, -, -, -, -, -, -, -, -, -,8,5, -, -,技職
1084,亞東科技大學,新北市,碩士,,10,4,6, -,1,1,1, -, -, -, -,3,4, -, -, -, -, -, -, -, -, -, -, -, -, -, -, -, -, -, -, -,技職
,,,四技,,198,148,50,7,6,25,7,18,7,21,4,54,13,1, -, -,5, -,2,1, -, -,12,11,1, -,2, -, -, -,1, -,技職
,,,二技,,5,1,4, -,1, -,2, -, -,1, -, -,1, -, -, -, -, -, -, -, -, -, -, -, -, -, -, -, -, -, -, -,技職
,,,二技,修,7, -,7, -,1, -,1, -, -, -, -, -,3, -, -,2, -, -, -, -, -, -, -, -, -, -, -, -, -, -, -, -,技職
1125,中信金融管理學院,臺南市,碩士,,11,5,6, -, -, -, -, -, -, -, -,4,5, -, -, -,1, -, -, -, -, -, -, -, -,1, -, -, -, -, -, -,一般
,,,碩士,職,6,3,3, -, -, -, -, -, -, -, -,3,3, -, -, -, -, -, -, -, -, -, -, -, -, -, -, -, -, -, -, -,一般
,,,學士,,6,5,1, -, -, -, -, -, -,5, -, -,1, -, -, -, -, -, -, -, -, -, -, -, -, -, -, -, -, -, -, -,一般
1148,大漢技術學院,花蓮縣,碩士,,36,27,9,1, -,1, -, -, -, -, -,10,6, -, -, -, -, -, -, -,14,2, -,1,1, -, -, -, -, -, -, -,技職
,,,四技,,31,21,10,1,1,3,1,4,7,6,1,2, -, -, -, -,5, -, -, -, -, -, -, -, -, -, -, -, -, -, -, -,技職
,,,四技,修,33,18,15, -,1, -,1,1, -,1,1,12,8,1, -, -,4, -, -, -, -, -, -,1, -,2, -, -, -, -, -, -,技職
,,,二技,修,27,16,11, -,1, -, -, -, -, -, -,11,7, -,1,1,2, -,1, -, -, -,1, -, -,1, -,1, -, -, -, -,技職
,,,二專,修,19,9,10, -, -, -, -, -, -,1,1,7,6,1, -, -, -, -, -, -, -, -, -, -,1,1, -, -, -, -, -,1,技職
1159,和春技術學院,高雄市,四技,,6,3,3,1, -, -, -, -, -, -, -,2,1, -, -,1, -, -, -, -, -, -, -, -, -, -, -, -, -, -, -,1,技職
,,,四技,修, -, -, -, -, -, -, -, -, -, -, -, -, -, -, -, -, -, -, -, -, -, -, -, -, -, -, -, -, -, -, -, -,技職
,,,二技,修,5,3,2, -, -, -, -, -, -, -, -,3,2, -, -, -, -, -, -, -, -, -, -, -, -, -, -, -, -, -, -, -,技職
,,,二專,修,4,4, -, -, -, -, -, -, -, -, -,3, -, -, -, -,1, -, -, -, -, -, -, -, -, -, -, -, -, -, -, -,技職
,,,五專,,2,2, -, -, -, -, -, -, -, -, -,1, -, -, -, -, -, -, -, -, -, -, -, -, -, -, -, -,1, -, -, -,技職
1168,南亞技術學院,桃園市,碩士,,5,5, -,1, -, -, -, -, -, -, -, -, -, -, -, -, -, -, -, -,4, -, -, -, -, -, -, -, -, -, -, -,技職
,,,四技,,131,98,33,9,2,21,6, -, -,20,3,15,12,1, -,3,18, -, -, -, -, -,3, -,5,2, -, -,7,4, -, -,技職
,,,四技,修,68,37,31, -,2,5,3, -, -, -,1,14,10,8, -,2,8, -, -, -, -, -,1, -,1,2,1, -,7,3, -, -,技職
,,,二技,修,102,65,37, -,4,1,1, -, -,1,2,54,19,4,2,3,1, -, -, -, -, -, -, -,3,4, -, -,3, -, -, -,技職
,,,二專,修,7,6,1, -, -, -, -, -, -,1, -,5,1, -, -, -, -, -, -, -, -, -, -, -, -, -, -, -, -, -, -, -,技職
,,,五專,,33,24,9, -, -,4, -, -, -,3,1,13,6, -, -,1, -, -, -, -, -, -, -, -, -, -, -, -,4,1, -, -,技職
1182,蘭陽技術學院,宜蘭縣,四技,, -, -, -, -, -, -, -, -, -, -, -, -, -, -, -, -, -, -, -, -, -, -, -, -, -, -, -, -, -, -, -, -,技職
,,,五專,, -, -, -, -, -, -, -, -, -, -, -, -, -, -, -, -, -, -, -, -, -, -, -, -, -, -, -, -, -, -, -, -,技職
1183,黎明技術學院,新北市,四技,,284,161,123,5,8,22,21,15,3,29,24,48,42, -, -, -,19, -, -,1, -, -,10,13,2,2, -, -, -, -,11,9,技職
,,,四技,修,69,48,21,2,3,7,2, -, -,2,4,22,10, -, -, -,2, -, -, -, -, -,3,1,2, -, -, -,8,1, -, -,技職
,,,二技,修,6,2,4, -, -, -, -, -, -, -, -,2,4, -, -, -, -, -, -, -, -, -, -, -, -, -, -, -, -, -, -, -,技職
,,,五專,,21,20,1, -, -, -, -,3, -,5, -,8, -, -, -, -,2, -, -, -, -, -,2, -, -, -, -,1, -, -, -, -,技職
1185,經國管理暨健康學院,基隆市,碩士,,13,2,11,1, -, -,2, -, -, -, -, -,5, -, -, -, -, -, -,1, -,3, -, -, -, -, -, -, -, -,1, -,技職
,,,碩士,職,7,2,5, -, -, -, -, -, -, -, -,2,2, -, -, -, -, -, -, -, -,1, -, -, -,2, -, -, -, -, -, -,技職
,,,四技,,145,53,92,2,6,5,12,2,8,9,13,12,16,3, -,3,5, -,1,1, -, -,4,10, -,5, -, -, -,1,13,14,技職
,,,四技,修,4,3,1, -, -, -, -, -, -, -, -,1, -, -, -, -,1, -, -, -, -, -, -, -, -, -, -, -,1,1, -, -,技職
,,,二技,,7,2,5,1,1, -, -, -, -, -,2,1, -, -, -,1, -, -, -, -, -, -, -,1, -, -, -, -, -, -, -, -,技職
,,,二技,修,34,8,26, -,2,1,1, -,2, -,1,6,13, -, -,3, -, -,1, -, -, -, -,1, -,2, -, -, -,1, -, -,技職
,,,二專,修,14,2,12, -, -, -,1, -, -, -, -,1,7,1, -,1, -, -, -, -, -, -, -, -, -,1, -,1,1, -, -, -,技職
,,,五專,,119,45,74,1,6,3,9,6,16,5,20,8,10, -, -,2,10, -, -, -, -, -,2,3, -, -, -, -, -,1,10,7,技職
1188,大同技術學院,嘉義市,四技,,40,27,13,1,2, -, -, -, -,2,3,7,5,1, -, -,1, -, -, -, -, -, -, -, -, -, -, -,16,2, -, -,技職
,,,四技,修,29,11,18, -,1,1,1, -, -,1, -,5,11,1, -, -, -, -, -,1, -, -, -, -, -, -,1, -, -,1,3,2,技職
,,,二技,修,28,5,23, -, -, -, -, -,1, -,1,5,13,1, -, -, -, -, -, -, -, -, -, -, -,1, -, -, -,2, -,4,技職
,,,二專,修,7,6,1, -, -, -, -, -, -, -, -,5, -, -, -, -, -, -, -, -, -, -, -, -, -, -, -, -, -, -,1,1,技職
,,,五專,,7,5,2, -, -, -, -, -,1,1, -,1, -,1, -, -,1, -, -, -, -, -, -, -, -, -, -, -,2, -, -, -,技職
1195,馬偕醫學院,新北市,碩士,,16,6,10, -,1, -, -, -, -,1,2,3,3, -, -, -, -, -, -, -,1,2, -, -, -,1, -, -, -, -,1,1,一般
,,,碩士,職,4,1,3, -,1, -, -, -, -, -, -,1,1, -, -, -, -, -, -,1, -, -, -, -, -, -, -, -, -, -, -, -,一般
,,,學士,,25,9,16,1,2, -, -, -, -,7,10, -,1, -, -, -, -, -,1,1, -, -, -, -, -, -, -, -, -, -, -,2,一般
,,,二技,修,1, -,1, -, -, -, -, -, -, -, -, -,1, -, -, -, -, -, -, -, -, -, -, -, -, -, -, -, -, -, -, -,技職
1196,法鼓文理學院,新北市,博士,,9,1,8, -,1, -, -, -, -, -, -, -,1, -, -, -, -, -, -, -, -,6, -, -, -, -, -, -, -, -,1, -,一般
,,,碩士,,78,26,52,3,2, -,4, -, -, -, -,8,14, -, -,1,2, -,1, -,8,28, -, -,3,2, -, -, -, -,1,1,一般
,,,學士,,2, -,2, -, -, -, -, -, -, -, -, -, -, -, -, -, -, -, -, -, -, -, -, -, -, -, -, -, -, -, -,2,一般
1282,馬偕醫護管理專科學校,臺北市,二專,,2, -,2, -, -, -, -, -, -, -, -, -,2, -, -, -, -, -, -, -, -, -, -, -, -, -, -, -, -, -, -, -,技職
,,,二專,修,8,4,4,1, -,1, -, -, -, -,1,2,2,1, -, -, -, -, -, -, -, -, -, -, -, -, -, -, -, -, -, -,技職
,,,五專,,98,23,75, -,5,1,5,7,7,11,40,1,6,2, -,1,1, -, -,2, -, -,1,6,1,1, -, -, -, -, -, -,技職
1283,仁德醫護管理專科學校,苗栗縣,二專,修,8,2,6,1,1, -, -, -, -, -,1,1,2,1, -, -, -, -, -,1, -, -, -, -, -, -, -, -, -, -, -, -,技職
,,,五專,,143,46,97,5,12,5,9,10,13,17,42,3,7,3, -, -,4, -, -, -, -, -,2,9, -,2, -, -, -, -, -, -,技職
1284,樹人醫護管理專科學校,高雄市,二專,修,92,50,42,1,5,1, -, -, -,10,7,26,20,1, -, -, -, -, -, -, -, -, -, -, -, -, -, -, -, -,12,9,技職
,,,五專,,219,64,155,2,28, -, -,7,13,41,82,7,10,2, -, -,3, -,1, -, -, -,1,11, -, -, -, -, -, -,2,9,技職
1285,慈惠醫護管理專科學校,屏東縣,二專,,24,10,14, -, -,4,7, -, -,2,1,1,2, -, -, -,1, -, -, -, -, -, -, -, -, -, -, -,2,4, -, -,技職
,,,二專,修,47,16,31, -,5,1,3, -,1,1, -,8,8,3, -, -, -, -, -, -, -, -, -, -, -, -, -, -, -, -,6,11,技職
,,,五專,,420,123,297,7,35,25,62,9,10,31,85,22,28,5, -,2,15,6, -,1, -, -,3,15, -,3, -, -,11,45, -, -,技職
1286,耕莘健康管理專科學校,新北市,二專,修,13,2,11, -,3, -, -,1, -, -, -, -,3, -, -,1, -, -, -, -, -, -, -, -, -,3, -, -, -, -,1,1,技職
,,,五專,,150,19,131,1,12, -, -,2,11,11,72,2,9, -, -,1, -, -, -,1, -, -, -,4, -,3, -,3,2,7,1,8,技職
1287,敏惠醫護管理專科學校,臺南市,二專,修,7,1,6,1,2, -, -, -, -, -,1, -, -, -, -, -, -, -, -, -, -, -, -, -, -, -, -, -, -, -, -,3,技職
,,,五專,,97,12,85,1,16,3,5, -,7,3,15, -,3, -, -,1, -, -, -, -, -, -, -, -, -, -, -, -, -,10,5,28,技職
1289,育英醫護管理專科學校,高雄市,五專,,85,22,63, -,7, -,4,2,21,18,14, -,5, -, -, -, -, -, -,1, -, -,1,4,1,7, -, -, -, -, -, -,技職
1291,聖母醫護管理專科學校,宜蘭縣,二專,,1, -,1, -,1, -, -, -, -, -, -, -, -, -, -, -, -, -, -, -, -, -, -, -, -, -, -, -, -, -, -, -,技職
,,,二專,修,6,4,2, -, -, -, -, -, -, -, -,4,1, -, -,1, -, -, -, -, -, -, -, -, -, -, -, -, -, -, -, -,技職
,,,五專,,101,26,75,2,5, -,6,4,10,6,30,7,9,4, -,1,1,1, -, -, -, -,2,6,1,1,2,1, -, -,1,1,技職
1292,新生醫護管理專科學校,桃園市,二專,修,6, -,6, -,1, -, -, -,1, -,1, -,3, -, -, -, -, -, -, -, -, -, -, -, -, -, -, -, -, -, -, -,技職
,,,五專,,237,36,201,1,22,5,10,15,49,3,22,4,16,5, -,4, -, -, -,1, -, -,3,22, -,1, -, -, -, -,5,49,技職
1293,崇仁醫護管理專科學校,嘉義縣,五專,,79,17,62,1,11,1,2,2,5,5,26,2,1,1, -, -, -, -, -,1, -, -,2,11, -, -, -, -, -,1,4,3,技職
3002,臺北市立大學,臺北市,博士,,68,28,40,2,2,1,1, -, -, -, -,11,19,1,2,5, -, -, -,1,11,7, -, -, -,3, -, -, -, -,1,1,一般
,,,碩士,,267,90,177,2,8,1,9,1,1,5,2,46,66,7,5,21,2, -,5,7,15,36, -,2,2,6,2,7, -, -,4,5,一般
,,,碩士,職,208,50,158,2,13,2,1, -, -, -,2,26,74,6,6,20, -, -,1,3,7,23, -, -,4,10,2,1, -, -, -,5,一般
,,,學士,,186,114,72,7,9,12,5,11,6,24,18,27,8, -, -, -,4, -,8,13, -, -,6,2,1, -,8,8,2,1,4,2,一般
